标题,时间,URL,正文内容,来源
第十三届全国心理卫生大会上多家社会组织发声呼吁,2020-10-13,http://www.chinanpo.gov.cn/1944/128010/index.html,弘扬抗疫精神，护佑心理健康近日，在第十三次全国心理卫生学术大会上，由中国心理卫生协会社会心理服务工作委员主办、北京丰盛公益基金会承办的“心战疫爱相守——疫情防控中社会心理服务体系的任务和行动分论坛”在北京顺利举办，来自全国不同地区的多个社会组织、学术机构的代表交流分享了在抗击新冠疫情过程中心理援助与社会工作服务的经验与案例。新冠疫情爆发后，面对这场新中国成立以来前所未有的疫情，如何科学、规范地开展心理危机干预工作是全国社会心理服务机构面临的首要问题。论坛邀请了疫情爆发后第一时间采取专业行动的社会组织代表，北京市社会心理工作联合会和北京幸福公益基金会分享宝贵经验。中共北京市社会工作委员会、北京市民政局二级巡视员，北京市社会心理工作联合会会长张青之介绍，由北京市社会心理工作联合会、北京博能志愿公益基金会、北京惠泽人公益发展中心联合京鄂两地专业志愿者共同发起“京鄂　ｉＷｉｌｌ志愿者联合行动”在1月23号凌晨即开展行动，服务于武汉疫区。从1月23日至5月８日，以“社工+医生+心理咨询师”方式，通过2300多名专业志愿者的共同行动，为湖北等地23000多名居民提供了12.7万小时的社会心理、医疗健康、防疫知识和生活指导等专业志愿服务。此次联合行动共有50多个社会组织联合参与，覆盖多个专业志愿服务。是政府与社会组织协同，社会力量参与社会治理的一次有益探索，也是一次社会治理创新的实验。北京幸福公益基金会理事长倪子君分享了她的团队是如何与清华大学心理学系共同发起“抗击疫情心理援助”公益在线培训。自1月25日起，短短14天内邀请了68位专家完成了129节直播培训课程，为104.2万人次提供了直播培训服务。作为疫情爆发的中心，湖北武汉一直牵动着全国人民的心。3月23日，由芒果Ｖ基金、湖北之声和中国心理卫生协会社会心理服务工作委员会共同发起的陪伴式心理援助节目《不寂寞·爱相守》在湖北之声开播，连续2个月每天1小时，来自全国各地的多位心理专家通过电台、网络为湖北人民提供心理服务，为湖北人民的心理防疫、抗疫以及“后疫情”时期如何恢复正常的学习工作提供了有效帮助。湖北广播电视台首席主持人简然和芒果Ｖ基金副秘书长钟雯共同分享了《不寂寞·爱相守》在湖北之声播出期间的台前幕后故事。播出期间，《不寂寞·爱相守》节目收听率不仅高居同时段排名第一，在社会上引起强烈反响，对整个湖北特殊时期的心理防疫起到了重要作用；网络大数据也表现强劲，《不寂寞·爱相守》、《简然说》两个心理援助类节目在长江云直播流量突破1.2亿，图文推送新媒体产品阅读量突破5000万，全网收听收看数据突破3.5亿。疫情爆发期间，很多基层社会组织活跃在街道、社区，在不同的战场为抗击疫情提供专业服务，他们的点滴经验一样具有重要的价值，论坛也邀请了珠海市香洲区心理协会会长万晓丽作为基层社会组织代表分享她们的行动和案例。据基金会中心网统计，2018年共有148家基金会关注精神卫生领域，全国基金会精神卫生项目共支出1.2亿元，仅占全部项目支出的0.2%，精神卫生项目也多集中于北上广等快节奏地区。目前，我国新冠肺炎疫情防控已进入常态化阶段，但社会心理服务仍面临着一系列的问题，如部分新冠肺炎治愈患者因担心病情复发、周围人员歧视等出现焦虑、自责等心理问题；后疫情时期如何基于社区处理儿童青少年、老年人的心理问题；如何有效建立起大范围的心理危机干预体系等……此次论坛也分别邀请到了浙江大学教授、社会心理服务体系研究中心主任陈树林，安徽师范大学心理学教授、心理咨询研究所所长方双虎，北京尚善公益基金会秘书长辛欣，中国心理网ＣＥＯ陈伟等专家带来了他们的思考和启发，为我国社会心理服务体系的建设建言献策。,公益中国
“为众人抱薪者”永不独行,2020-09-09,http://www.chinanpo.gov.cn/1944/128010/nextindex.html,——记“携手同心助战疫关爱保障行动”8月20日下午，翻看着桌上厚厚一沓、摆放整齐的108位受助者项目公示资料，中国慈善联合会副秘书长陈冬青告诉记者，“他们真的就是我们身边的普通人，默默无闻地坚守着自己的岗位，每一个人都没什么惊天动地的大事，却又让人有说不出的感动和敬意。”“他们就像空气，存在的时候可能感受不到，一旦失去，我们的生活就乱套了。他们全身心地投入到为社会服务中，不顾安危、不畏艰难，有的甚至献出了宝贵的生命，需要政府认可、社会暖心。”腾讯公益慈善基金会（以下简称腾讯基金会）关爱保障行动负责人张海若说，她和同事们对这个项目倾注了感情。他们，就是抗疫一线上的志愿者、社区工作者、社会工作者、湖北养老机构的工作者。巡查值守、消毒测温、安抚疏导、送菜送药、照顾失能老人……承受着疫情的重压，做着平常不断重复的工作，这些基层工作者一天又一天地坚持和付出，疲惫又坚毅。据民政部统计，全国有近400万名城乡社区工作者，奋战在65万个城乡社区的疫情防控一线，平均6个社区工作者守护1个社区，每个社区工作者要面对350名群众。同时，全国有千千万万名志愿者、社会工作者、养老机构的工作者用朴实的抗疫行动诠释着社会服务精神。让。民政部、腾讯基金会3月5日联合启动“携手同心助战疫——志愿者、社区工作者、社会工作者和湖北省养老机构工作者关爱保障行动”（以下简称关爱保障行动），用“专属保险+关爱补助”的方式支持和关爱抗疫工作中的基层工作者。腾讯基金会为该行动提供资金支持，并与中国慈善联合会、腾讯微保共同执行。截至目前，已经有108位基层工作者家属获得保障金，约30万基层工作者领取了公益保险。“大家想一起为这些可敬的普通人做点实事”2020年的春节，随着疫情蔓延，冲在一线的医护工作者、运送物资的志愿者、坚守在工作岗位的街道干部、挂满代购药物袋的社区网格员……越来越多的“逆行者”挡在前面，把我们和病毒隔开。2月7日，腾讯宣布设立15亿元战疫基金，其中3亿元为“致敬战疫人物基金”，救助对象包括投身抗疫一线的医护人员、城市守护者、志愿者等。张海若说：“疫情紧急，我们虽然迅速设立了战疫基金，真心想为这些‘逆行者’送去关爱，但能力和精力有限，在项目的具体落实上仍然有很多难题。有了民政部提供支持，特别高兴。”接下来，是大家印象深刻的一段“持续加班”时间。无论是中国慈善联合会，还是腾讯基金会，双方抓紧设计方案，反复沟通，都想让项目尽可能完善，快速帮助到基层工作者。3月5日，关爱保障行动方案正式出台。具体包括两部分，第一部分，为全国因参与疫情防控而感染或牺牲的志愿者、社区工作者、社会工作者和湖北省养老机构工作者提供关爱保障金。其中，重症、危重症新冠肺炎感染者可优先获得5万元保障金，身故者家属可获得25万元保障金。第二部分，向全国参加疫情防控的志愿者、社区工作者、社会工作者和湖北省养老机构工作者提供专项保险保障。受助者均可在线自主申请，免费领取。领取成功后，若感染新冠肺炎，重症危重症患者将获得5万元保障，身故者将获得25万元保障。“大家都是抱着公益心在推进项目的顺利落地，想一起为这些可敬的普通人做点实事。当大家都在聚焦医护人员的时候，关爱保障行动迅速地关注到了为抗击疫情奉献很多又很沉默的基层工作者。一方面，补助金和公益保险能防范和缓解他们的风险和困难，更重要的这代表着政府和社会对他们工作的认可。”张海若说。“能通过自己的工作给他们一些帮助，就很欣慰”视频连线的另一边是一个正在读大学的内蒙古包头女孩，当她读到承诺书里妈妈的名字时，已然泣不成声。妈妈滕逸鹤是一名社区工作者，在这次防疫中因为劳累过度导致心源性猝死，不幸身故。“当时我一边听她读继承人承诺书，一边不由自主地跟着流眼泪。她很难过，我也很难过。”中国慈善联合会培训部副主任靳柳慧说，为确保项目执行公平公正而设立的法定继承人宣读承诺书环节，是必须进行的，但却又是如此“心痛”。中国慈善联合会培训部主任赵楠动情地说，审核这些受助人材料时，都是一些质朴简单的文字，读起来平平淡淡，但在视频回访的时候，“很多受助人家属在读到亲人的姓名、身份证号的时候都会流泪、哽咽，身体会发抖。那一刻，语言是那么空洞，我们只能静静地等待，等他们心情平复再继续，也算是一种安慰。有时候觉得很无力，但是又想到能通过自己的工作给他们一些帮助，就很欣慰。”在中国慈善联合会，记者详细了解了项目的执行过程。从民政部下发通知，到积极引导符合条件的项目对象主动申请关爱补助和专属保险；从受助人本人或家属填写申请表，到认真核实受助条件；从发放慰问金到项目回访……每一份材料审核、每一个受助人公示、每一次补助金拨付都透明扎实，材料审核和内部工作流程详细规范，专业化的慈善执行力确保每一分善款都准确落实到位。江西省遂川县营盘圩乡营盘村处于两省交界处，人流车流较大，属于疫情防控的重要关口。村主任黄信忠除了每天要不断询问村民的身体状况，还要克服终日高寒雨雪的恶劣天气，到卡口值守，一值就是12个小时。在坚持一段时间后，他明显感到身体不适，心慌心悸冒汗的症状也越来越严重，可是工作实在太紧张了，他总是不放心离开岗位。他答应家人，“3月5日值完班就去医院” ，可是哪承想，5日凌晨，他突然发病，因心肌梗塞倒在抗疫一线，年仅45岁。蓝天救援队江苏机动队队长许鹏的最后一条朋友圈是美丽的谎言：“孩子要乖，爸爸去武汉打怪兽！”，读来令人泪目。2月21日，许鹏在运送抗疫物资途中遭遇车祸，不幸去世，年仅39岁。此前，他在武汉做志愿者，已经连续工作了16天，每天奔波十六七个小时。在广西壮族自治区玉林市玉东新区茂林镇湘汉社区，疫情防控和复工复产正有序进行，而工作队伍中却再也没有社区党总支组织委员、居委会副主任陈继国的身影。连续工作31天后，陈继国于2月26日凌晨倒在抗疫一线，生命永远定格在53岁。他是一位有着34年党龄的党员，也是一名退役军人，常把“没有大家，何来小家”挂在嘴边，没日没夜地冲锋在抗疫一线。“我曾多次劝父亲休息一两天，可他总说‘疫情还没过去，我怎么能休息’。父亲不在了，但他的言行是我一辈子的财富。”女儿陈波梅说。…………“这些受助人里，从20多岁到60多岁，各个年龄段都有。有连续工作三四十天没有办法回家的大队书记，有在防疫岗位上坚守的社区居委会主任，还有家里两个孩子、最小的只有1岁却再也等不到爸爸回家的志愿者……他们就是我们身边每个家里的顶梁柱，我们愿意多为他们做点什么，让项目更高效更公开，让他们和家人感受到政府和社会的敬重和暖意，这才对得起他们平凡而伟大的付出。” 陈冬青说。“未来，政府和社会力量有更多的合作空间”“前不久我参与了一次后疫情时期养老服务培训‘直播授课’，全国6.5万养老机构工作者在线收看，浏览量330万。”9月5日，记者连线了关爱保障行动的受助人——湖北省武汉市江汉区社会福利院老年公寓负责人熊承刚，他的声音充满着工作的干劲和对生活的热情。很难想象，从2月初感染新冠肺炎到4月中旬出院，58岁的熊承刚经历了怎样的痛苦和煎熬，他却乐观地说：“已将这段记忆封存。”作为默默坚守20余年的养老领域领头人，熊承刚和同事们用专业和敬业一起创造了养老服务的“江福模式”，在疫情的艰难情况下还参与了民政部养老机构疫情防控指南的拟定。“我能幸运地扛过来，就想为老人多做点事。”熊承刚告诉记者，这个项目让他很“暖心”，体现了民政部、腾讯基金会对处在抗疫一线的基层工作者的关怀和支持，对后疫情时代养老服务业的发展也有精神提振作用，能让社会上更多的人关注养老服务。关爱保障行动最大特色之一就是第一时间响应了中央的关注点，看到了社会的需求点，针对像熊承刚这样的普通基层工作者群体的关爱在别的项目里面是没有的。行动迅速、保障范围广、力度大，投入的资金也多，保障金和公益保险的创新设置实现了抗疫各阶段的无缝衔接。“项目设计的角度比较独特，专门针对平凡、普通的人的关爱是一个亮点。让他们在奉献的同时是有保障的、没有顾虑的、能够持续的，这才是项目实施的可贵之处。其实，他们是我们平时很少注意的群体。能够关注到他们，说明民政部和腾讯基金会在前期细致的调研上确实是下了功夫的。”陈冬青说。腾讯基金会秘书长葛燄说，项目关注的是凡人英雄，他们不在什么重要岗位上，但是我们抗击疫情的阶段性胜利就是由无数这样小小的坚持、无数这样的不懈努力一个个累积起来，才成为伟大的丰碑。同时，这个项目也是政府和社会力量成功携手的公益实践，多方优势互补，让关爱保障行动实现了良好效果。“如果一个公益项目既满足了政府关心群众的需求，又契合了企业文化建设，还实现了慈善组织资金的最佳分配，找到三方的共赢点、共生点，那么这个善事就会做得长远。”中国慈善联合会有关负责人评价说：“未来，期待慈善组织、企业等社会力量跟政府有更多合作的空间。”葛燄告诉记者，基于关爱保障行动的成功经验，民政部和基金会将再一次联合行动，疫后心理援助项目——“腾讯公益·五社联动·爱满荆楚”社会工作服务项目近期将正式启动。项目由民政部指导，腾讯基金会计划出资5000万元，湖北省慈善总会具体执行。项目将针对湖北当地部分新冠肺炎治愈患者家庭、病亡者亲属、受疫情影响的特殊困难家庭、一线社区工作者及医护人员家庭等存在社区融入、社会支持等困难，引入专业社会工作力量，提升基层社会治理能力。（记者 高一村 程楠）,中国社会报
和衷共济 同御灾难,2020-07-24,http://www.chinanpo.gov.cn/1944/127717/nextindex.html,——我国社会组织参与全球抗疫纪实当新冠肺炎疫情肆虐全球，人类面临巨大挑战之时，国家主席习近平在中非团结抗疫特别峰会上提出的“团结合作是抗击疫情最有力的武器”主张引发了国际社会的广泛共鸣。在加强疫情防控国际合作中，我国社会团体、基金会和志愿服务组织等民间力量发挥了重要作用——组织物资捐赠缓解了有需要国家的燃眉之急，提供人员支持彰显了中外人民的天涯比邻情谊，分享技术经验表明了共同抵御人类灾难的决心。我国社会组织的积极作为，为全球疫情防控贡献了有责任有担当的“中国力量”。民心相通的抗疫共同行动今年3月，新冠肺炎疫情蔓延到黎巴嫩，北京平澜公益基金会驻黎巴嫩办公室的志愿者小詹，有了为难民营提供一些帮助的想法，很快得到国内同事和当地社工伙伴的全力支持。他们迅速组织线上远程培训，将中国抗疫经验介绍给黎巴嫩难民救助组织工作人员。不仅使他们掌握了人员隔离、消杀防疫、病例诊治等实操经验，而且通过政府部门的协调支持，使粮油食品和消毒剂、洗手液等物资也顺利进入了难民营。北京平澜公益基金会对黎巴嫩难民的援助行动，是在“丝路一家亲——民间抗疫共同行动”（以下简称“共同行动”）框架下进行的。“共同行动”由中共中央对外联络部指导，中国民间组织国际交流促进会倡议发起，秉持促进各国民心相通的美好愿望，通过整合社会组织、企业等民间资源，发挥各方优势特色，形成抗疫强大合力。目前，已推动60多家社会组织、企业和民间机构在60多个国家实施100多个国际抗疫合作项目，举行线上经验交流活动40余场，募集捐赠物资总额达1.92亿元人民币。在“共同行动”中还有很多各具特色、卓有成效的抗疫项目。例如，丝绸之路沿线民间组织合作网络作为非政府组织合作平台，发挥联动优势，与300多家中外成员组织共同发布了行动倡议，推出线上防疫健康包，举办11场线上交流活动，覆盖30个国家和地区的超过400家组织机构，直接惠及“一带一路”沿线国家和地区民众近十万人。中国国际交流协会发出“携手抗疫·成就无悔青春”联合倡议书，将55个国家的166名青年团结凝聚起来，通过网络视频平台，共同研讨抗击新冠肺炎疫情的方法对策。中国和平发展基金会联合腾讯公益慈善基金会向柬埔寨等20多个国家和地区捐赠价值2000多万元的防疫物资，其中一批口罩专门用来保障缅甸高考阅卷工作顺利开展……我国社会组织各尽所能，采取了灵活多样的形式，为维护地区和全球公共卫生安全作出了积极贡献。优势互补的联合跨界援助高效和专业，是浙江马云公益基金会和阿里巴巴公益基金会联合驰援国际抗疫体现出的最大特点。依托阿里巴巴集团的全球业务布局和资源平台优势，迅速凝结了强有力的互联网公益力量。在抗疫物资紧缺时，依托世界电子贸易平台和阿里菜鸟全球智能物流网络为150多个国家加急运送抗疫物资；在急需医疗诊治时，阿里健康开通了免费在线医疗咨询专区，为近10万名海外侨胞提供健康诊疗服务；在新冠肺炎疫苗研发攻坚期，阿里云免费开放强大AI算力，为加速抗疫科研攻关提供了信息技术保障……自3月初启动国际抗疫行动以来，浙江马云公益基金会已提供了1亿元科研项目资金支持，并联合阿里巴巴公益基金会捐赠了总计2亿余件物资，搭建了覆盖230多个国家和地区的全球新冠肺炎实战共享平台，彰显了卓越的中国救援速度。中国扶贫基金会聚焦发展中国家贫困地区的社区抗疫需求，启动了尼泊尔社区抗疫卫生洗手站项目和微笑儿童粮食发放项目。这两个项目通过设立在公共场所的234个洗手站，改善了贫困社区的环境卫生条件，普及了防疫知识；而为1.5万名受益儿童发放的粮食包，则能够最大程度地帮助贫困家庭缓解儿童饥饿问题。北京光华设计发展基金会与世界绿色设计组织联合国内外157家各领域社会组织，共同发起“绿丝带行动”，接收捐赠善款和物资40笔总价值350万元，吸引了近300名国际志愿者积极参与，向23个国家和地区提供了援助。中外社会组织携手跨界合作形成的优势互补，极大地提升了此次国际援助行动的效率和精准度。守望相助的全球志愿服务4月28日，柬埔寨金边国际机场，一支身着深蓝色工作服的民间志愿者救援队伍顺利抵达。由10名训练有素经验丰富的队员组成的“中华慈善总会蓝天救援赴柬埔寨抗疫援助队”，在15天的时间里开展了大量的援助工作，在车站、广场和医院等场所进行集中消杀，为当地防疫工作者提供培训指导，同时捐赠了价值130余万元的医用口罩等防疫物资和1万册新冠肺炎防控方案手册。在与时间赛跑的战疫中，浙江省公羊会公益救援促进会发起了全球总动员，安排了6架次国内专机、5架次国际航班和4批次货柜专车进行物资运输工作。意大利公羊会组织当地会员、志愿者在普拉托市的社区和学校进行每日义务消杀；奥地利公羊会负责将国内筹集捐赠的防疫物资运送到奥地利红十字会……在一次次的互助志愿服务活动中，既凝聚壮大了国内外民间志愿力量，又加深增进了国际友谊。“iWill志愿者海外联合行动”通过推行“三师联动”（社工师+医师+心理咨询师）志愿服务模式，为海外华人华侨和留学生提供专业医护咨询与心理陪伴服务，同时依托志愿者在线上的集群化联动，向招募的当地志愿者和社区提供专业志愿服务指导。中国青年志愿者协会和北京博能志愿公益基金会的这次有益尝试，探索了志愿者有序有效参与全球突发公共卫生事件的新机制，也为创新志愿服务模式积累了宝贵经验。人心齐，泰山移。疫情之下，我国社会组织与各国民众共担风雨，在中国方案中凝聚了民间力量的广泛资源，传递了中国人民的深情厚谊，更是践行了团结抗疫的中国承诺。未来，积累了经验、锻炼了队伍的中国民间力量，必将在世界舞台上发挥更大的积极作用。（记者郑超）,中国社会报
中国饭店协会助力饭店业振兴,2020-07-22,http://www.chinanpo.gov.cn/1944/127178/nextindex.html,由中国饭店协会主办的第九届中国饭店文化节暨全国饭店业振兴大会开幕式近日在广州举行。受新冠肺炎疫情影响，商务客源、旅游客源、会展及宴会客源减少，前5月全国住宿业平均入住率不足40%。为推动全国餐饮企业尽快复苏，中国饭店协会积极引领行业数字化、绿色化转型发展。开幕式上，中国饭店协会联合美团酒店开展的首届“717百城千店绿色消费节”启动。该活动将联合全国超100个城市的30多家酒店集团、1500多家酒店推出多项特惠活动，协力营造“放心吃、安心住、健康行”的消费氛围，推动酒店餐饮行业加快复苏。,人民日报
中国银行业协会：支持疫情防控 复工复产信贷超4万亿元,2020-07-13,http://www.chinanpo.gov.cn/1944/127157/nextindex.html,央视网消息：据中国银行业协会统计，截至7月10日中午，银行业金融机构支持疫情防控、复工复产信贷合计已超过4万亿元，主要用于支持医疗器械生产、销售，生活物资保障以及交通运输、住宿餐饮，小微企业复工复产、“三农”等领域。,中央广播电视总台央视新闻
湖北行业协会商会跑出助力复工复产加速度,2020-07-10,http://www.chinanpo.gov.cn/1944/126923/nextindex.html,5月6日，习近平总书记在中共中央政治局常务委员会会议上强调，推动支持湖北省经济社会发展一揽子政策落实到位，加快恢复生产生活正常秩序。把时间抢回来，把损失补回来，已成为当下各方的高度共识。湖北行业协会商会坚决贯彻落实党中央决策部署，响应民政部门的动员和安排，积极担当、率先作为，跑出助力行业复工复产“加速度”。广开渠道引来金融活水资金紧缺是复工复产中面临的大难题，相关行业协会商会竭尽所能帮会员单位想办法、找出路。湖北省安徽商会搭建融资服务平台，加大对会员企业金融支持力度，助力会员企业获得11家银行授信1052亿元。目前，已有110家会员企业拿到银行贷款。同时，商会还联合担保公司为会员企业提供担保增信，联合理财机构为会员企业提供理财指导，联系新三板、四板业务主管单位为企业作专业融资辅导。湖北省电力机电行业协会通过多种渠道摸清企业需求，与各市（区）税务、银行、医疗机构对接，打造“税务部门+协会商会”的纳税服务新模式，帮助会员企业了解相关税费优惠政策，切实减轻资金压力。协会还与国内新能源开发领域多家龙头企业达成“新能源助力湖北经济复苏计划”，为会员企业赋能，让会员能够直接拓展业务，快速实现正常运转。武汉市农业电子商务协会为缓解会员企业资金压力，积极协助会员企业申报武汉市政府对中小微企业复工复产的扶持性低息贷款，并取得湖北银行10亿元信用授信，重点支持受疫情影响较大的外贸、旅游、餐饮、住宿、物流等企业。随州市银行业协会率先带领全市银行业机构全力支持企业复工复产。据协会负责人介绍，随州市银行机构累计为6394户企业或个体工商户发放贷款9436笔，共计68.66亿元；为10750户企业或个体工商户的贷款办理延期还本付息15849笔，共计68.32亿元。借路云端培训拓展销路不能手握手，但可“云上”见。各行业协会商会用一系列“云培训”“云课堂”“云直播”搭建起助力会员企业复工复产的新桥梁。湖北省标识行业协会云端课堂不但向全体会员企业免费提供为期一年的线上职业技能培训资源及服务，而且还为会员企业提供其他各类线上培训，全力助力会员企业复工复产。为帮助企业解决工人培训难的燃眉之急，湖北省市政工程协会举办了20余项线上公益直播，为会员企业提供工程技术应用、工程管理、考前培训等学习内容。曾带领会员企业积极抢建“火神山”“雷神山”医院的武汉建筑业协会，联合会员企业、培训机构的专家团队，开展BIM技术、法律、岩土、财务、咨询等各类网上公益培训40余次，培训人数超3万人次。武汉餐饮业协会在武汉解封后第一时间开展餐饮直播，邀请外卖冠军到直播间交流经验，邀请专家解读相关扶持政策。协会还出台《武汉餐饮恢复堂食细则》，对公共场所的空调通风系统、卫生间和员工的健康管理予以明确指导。武汉市农业电子商务协会积极引导企业使用“企业微信”开展在线办公，开展各种复工培训16场，受众达20余万人次。引导80余家会员企业注册直播账号，开通拼多多“武汉优品馆”，鼓励各企业直播带货，还组织20多家企业50多个代表性产品对接多个电商平台。荆州市果树种植行业协会录制果树春季管理视频，为果树种植者提供线上技术指导，通过微信公众号定期发布技术指导和果品销售信息。在闻名遐迩的“中国香菇之乡” 随州市，有近30万人从事食用菌种植、加工、销售及食用菌机械生产等相关工作。复工复产进程中，随州市食用菌协会及时调查了解菇农面临的实际困难，向政府有关部门提出合理化建议，聘请专家通过线上课堂为菇农答疑解惑，想方设法拓宽销售渠道。抓住机遇帮忙对接供需4月8日，武汉举行首场“云招商”，总投资额达2451亿元的69个重点项目签约落户武汉；4月21日，首场复工复产企业现场招聘会举行，281家参会企业共提供1万余个就业岗位……湖北各行业协会商会看准这次“政府搭台、企业唱戏”的良好契机，借势推动会员企业加速复工复产。为打通产供销、稳定供应链，武汉建筑业协会于5月1日率领11家会员企业参加畅通武汉制造市场循环供需对接会，中建三局、新七建设集团等会员企业现场签订了供需协议。针对目前的用工难、招工难问题，黄石市企业家协会会同市中小企业服务中心、市就业局举办了2020年首场“双千”专题招聘会，为企业招工稳工“无缝对接”提供保障。招聘会有14家企业参加，现场达成就业意向431人。湖北各行业协会充分发挥自身优势，有力地支持了会员企业复工复产，推动了当地经济社会发展。（记者涂兆宇）,中国社会报
北京烹饪协会：北京市民可查餐厅核酸检测结果,2020-07-07,http://www.chinanpo.gov.cn/1944/126886/nextindex.html,今年6月北京疫情出现反弹，为帮助商户尽快走出困境，北京烹饪协会日前披露，其联手美团启动“春风行动北京版”，外卖平台在北京地区为餐饮商户开通核酸检测证明上传入口，市民在用餐前即可了解到餐厅是否安全。据介绍，这是外卖平台首次为北京地区餐饮商户开通核酸检测证明上传入口。商户可将核酸检测情况直接展示给消费者，市民通过美团APP、美团外卖APP、大众点评APP即可查看到商户的核酸检测情况。针对北京地区用户满意度高、活跃度高的优质餐饮外卖商户，尤其是经营情况受影响较大的商户，美团针对餐企今年6月和7月的交易，已经开始按3%至6%的比例为商户返还佣金。对于8月之后还是否继续返佣，将视疫情发展情况确定。为进一步帮扶北京餐饮企业，在6月1日至7月31日期间，北京地区新开通“安心订”的到店餐饮商户，均可额外获赠外卖平台30天免费服务时长。为了给餐企提供资金帮扶，目前在美团点评平台上持续经营的商户还有机会享受其贷款的组合还款方式，前三个月无需偿还本金，而本地生活的新开店商户则可享一个月的免息贷款，以帮助北京地区更多中小商户解决资金周转困难的问题。（记者 赵鹏）,北京日报
中国防伪行业协会：助力中国防疫物资生产企业走向国际市场,2020-07-03,http://www.chinanpo.gov.cn/1944/126819/nextindex.html,6月28日，针对国际防控疫情形势严峻，防疫物资采购有增无减，跨国采购产品溯源难，追责难的现状，中国防伪行业协会全球防疫物资采购中的产品质量追溯交流会在北京举行。视频会议由中国防伪行业协会主办，北京设立主会场，山东青州、广东东莞设立分会场。会议充分发挥中国防伪行业协会产品质量追溯专业委员会“央信”质量安全系统，在防疫物资生产、采购、流通、应用等环节中溯源存证的专业作用，全面落实党的要求。国家市场监督管理总局质量发展局副局长王海东表示，国家市场监管总局采取了超常规举措，制定了一系列针对性较强的制度、办法、措施，依法取缔非法野生动物交易，持续加大质量安全监控力度，切实维护市场价格秩序，确保防疫物资、重要民生商品的价格稳定和质量安全。中国防伪行业协会产品质量追溯专业委员会积极开发和推动防伪技术与大数据应用，助力中国防疫物资生产企业和产品走向国际市场，为助力疫情防控做出了贡献。中国防伪行业协会产品质量追溯专业委员会将联合更多的国内外防疫物资生产企业、流通企业，积极推动防伪技术和产品质量追溯工作，响应党中央疫情防控战略，持续向需要帮助的国家和地区提供力所能及的援助和支持，为战胜这场人类共同的重大灾难，取得完全胜利做出新贡献。（李深根）,海外网
中国足球协会宣布联赛将于7月25日开赛,2020-07-03,http://www.chinanpo.gov.cn/1944/126773/nextindex.html,中国足球协会于1日宣布，2020赛季中超联赛将于7月25日分别在苏州赛区和大连赛区举行。本赛季中超联赛将分两个阶段，第一阶段以空场赛会制方式进行，16支中超球队将分为两个小组。在大连赛区的A组球队有广州恒大队、江苏苏宁队、山东鲁能队、河南建业队、大连人队、广州富力队、上海申花队和深圳佳兆业队；在苏州赛区的B组球队有北京国安队、上海上港队、武汉卓尔队、天津泰达队、重庆当代队、河北华夏幸福队、青岛黄海队和石家庄永昌队。中国足协表示，将全力做好赛事的各项服务保障工作，严格遵守防疫工作的各项要求，认真做好赛事的各项组织管理工作，确保中超联赛安全有序进行。当日，中国足协还公布了2020赛季中超、中甲和中乙俱乐部球员的转会注册工作相关事宜补充通知。中超的二次转会窗口日期是7月2日至7月29日；第三个转会窗口日期是9月1日至9月30日。此外，引进解散球队球员没有数量限制。（记者陈晨曦）,人民日报
2020联合国“中小微企业日”高峰论坛在京召开,2020-06-29,http://www.chinanpo.gov.cn/1944/126772/nextindex.html,世界经济飞速发展，离不开中小微企业的重要贡献。为彰显各界对中小微企业发展的高度重视，2017年4月，联合国第74次全体会议决定每年6月27日为“中小微企业日”。中小微企业在国民经济和社会发展中占据着极其重要的地位，作为创业富民的重要渠道，在扩大就业、增加收入、改善民生、促进稳定等方面具有举足轻重的作用。2020年6月27日，联合国“中小微企业日”高峰论坛在北京以线上模式召开。中国中小商业企业协会会长王民在论坛开幕致辞中表示，此次新冠肺炎疫情对我国经济带来前所未有的冲击，中小微企业的崛起将是国家疫情后经济复苏的强大动力。党中央、国务院对此高度重视，各项决策部署和惠企政策正在加快落实，全社会支持中小微企业发展的氛围日益浓厚。为进一步营造良好氛围，提振发展信心，在中国中小商业企业协会联合中国国际商会等以联合国“中小微企业日”为契机，组织举办2020联合国“中小微企业日”高峰论坛今日在京开幕，论坛邀请到多位国内外政要、专家及各领域嘉宾，围绕中小微企业面临挑战和问题，将带来一场闪烁智慧光芒的头脑风暴，助力中小微企业健康发展。当前，新冠病毒仍在全球蔓延，疫情期间实施的社交隔离措施减缓经济活动，对供给端、需求端、金融端造成了全面挑战。企业和居民现金流的突然中断、对未来的悲观预期以及国际供应链的不畅，使得投资、消费、出口“三驾马车”同时受到冲击。波斯尼亚和黑塞哥维那前总理、北京师范大学“一带一路”学院、新兴市场研究院、清华大学施瓦茨曼学院特聘教授兹拉特科·拉古姆季亚在发言中表示，中小企业通过创造新的就业机会、产品和服务，促进经济增长，成为全球经济发展的驱动力。在后新冠时代重新迎来的联合国“中小企业日”中，我们得以重新思考和再造中小企业作为经济重组的关键驱动力的角色，以寻求共同繁荣。德国隐形冠军之父赫尔曼西蒙在连线采访表示，中国拥有隐形冠军成长的肥沃土壤。凭借企业自身的努力和中国政府对于“隐形冠军”式企业的扶持，我们将会看到越来越多的来自中国的隐形冠军登上世界舞台。他认为，要想成为一个真正的隐形冠军，也就是说成为一个全球市场的领导者，并捍卫这一地位，就要求不要局限于中国市场，而是要走向世界，进入欧洲和美洲，在那里建立你的市场份额和市场地位。想要成为一个全球性的竞争者，在世界各地都有优势，你必须超越中国的界限，必须成为全球性的企业。论坛还分别邀请连线到韩国原国会议员、韩中经济协会会长具天书，中国前驻英国公使衔参赞、中国国际贸易学会会长金旭，日本商人联合会副会长桥本结诚，韩国中小企业贸易协会副会长李耕豪，芬兰未来科技产业联盟主席TapaniTuolumen作主题发言。王民会长强调，在全球一体化的今天，我们既要看到中国、韩国等亚洲国家很好地控制了疫情发展，看到欧洲国家感染者曲线正在边际改善，同时也要看到美洲、南亚、中东、非洲的疫情还在扩散和蔓延。我们必须做好同新冠疫情作长时间斗争的准备。人类是命运共同体，团结合作是战胜疫情最有力的武器，也是推动疫后全球经济重振的最大信心来源。中国中小商业企业协会将发挥自身优势，为助力中小企业克服疫情冲击、恢复经济发展作出更大的贡献！今年以来的疫情，更是让很多原本以线下业务为主的小微企业无法正常经营。疫情之后，营收减少的小微企业占比为75%，现金流不足支撑3个月的小微企业占比为57%。可怕的数字背后，是小微企业的抗风险能力不足，倒逼本来对数字化需求可能并不迫切的小微企业思考和选择精细化运营手段。阿里巴巴集团副总裁刘松在演讲中表示，抗击疫情、推动复工复产，数字基础设施发挥出强大作用。而云课堂、云复工等许多新模式背后都是云服务、云计算的支撑。云计算变成了整个数字社会的技术底座。此时加快推进新基建，是通过加速构建基础设施底座的创新生态，加速新技术的应用、新模式的孵化、新业态的涌现。抓住新基建带来的发展机遇，不在基建本身，而是源自数字化、智能化的升级与经济社会转型需求的体系性叠加，是时与势的结合，要瞄准2030的未来社会形态和产业形态。中国建设银行执行董事、副行长章更生带来了科技赋能普惠，大象也能跳舞为主题的精彩发言，大银行能不能做普惠、怎么做普惠？章更生表示，解决小微企业融资难融资贵的问题，应该说这个问题不是中国所独有的，而是个世界性难题。关于解决融资难的问题，除了中央和有关方面已出台的措施，我认为重点要解决三个问题，需要解决银行怕贷的问题、银行的放贷基金新的问题、银行自身对小微企业服务的打法问题。银行要改变传统的打法，小微企业的特性决定着它不能按照传统的做大企业的做法来做，必须要用针对小企业特点的做法。关于解决融资贵的问题，融资贵主要是需求与供给的不平衡，小微企业坏账率过高所造成的，因此需要加大大中型银行对小微企业的投放，降低利率的天花板。永达传媒集团首席营销官鲁野，北京飞鸟视界科技有限公司CEO刘文中，北大纵横管理咨询集团创始人、全国劳动模范王璞，中国中小商业企业协会副会长、青岛新广农业发展有限公司董事长金永淑，北京隆盛泰健康科技股份有限公司董事长王卫东作为中小企业服务机构代表，均表示将当好中小微企业的救援冲锋队，尽锐出战、迎难而上；联合协会、联合各方，力所能及，形成了“组合拳”，形成服务中小微的“联合体”，为打赢中小微企业保卫战，做出了应有的贡献。为系统研究疫情对中小企业的影响及其与企业数智化的关系，中国中小商业企业协会联合阿里云研究中心在论坛期间共同发布《后疫情时代中小企业全链路数智化转型洞察》报告，阿里云研究和咨询规划总经理宿宸在发布报告时指出，数智化程度高的企业受疫情消极影响程度小，但中小企业总体上的数智化成熟度低于平均值，转型诉求强烈。数智化为企业提供了显著的“免疫力”。企业数智化转型成熟度越高、转型起步越早，企业受疫情负面影响越小。作为大会的重要组成部分，中国中小商业企业协会联合东方微银科技（北京）有限公司共同推出了护航中小微企业发展的“微光行动”，将整合各界资源为中小微企业提供力所能及的支撑。焦京茹副总裁在介绍“微光行动”强调，作为全球经济发展的重要组成部分，中小企业稳就业、促经贸、活链条的作用得到充分彰显。但相较于大企业集团相比，受制于人才、资金、供应链等问题的影响 ，抗风险能力弱也通过疫情进一步放大。在中国，遍布城乡的小店，最有市井人情的烟火气息。它们联系着千家万户，解决了就业、便利的了生活，作为经济社会的毛细血管，“微”字见真情、“微”字见福祉、“微”字见活力。作为2020联合国“中小微企业日”重点推广品牌，江苏中讯高科投资集团有限公司总裁吴丽芬，中国中小商业企业协会常务理事、广西贵港东方传奇食品科技股份有限公司董事长樊海麟表示，对企业而言，品牌竞争力的高低决定着企业与企业之间利润的大与小，也决定着产品与产品之间的成功与失败，更决定着企业与企业之间的强大与弱小。品牌建设并不是只归咎于大企业，中小企业同样可以通过品牌建设树立自身的核心竞争力优势。这才是企业依据实际情况出发，不要总是认为品牌建设是大企业的专利，要用创新思维做好自身品牌建设才是品牌建设真正的价值所在。本届论坛亮点频多，内容丰富，论坛全程采用小黑鸟场景会议模式召开，完美呈现虚拟与现实相结合的会议效果。论坛期间发布了微光行动倡议书，并形成了诸多共识，与中国老龄产业协会、北京大学中国民营企业研究所、北大纵横管理咨询集团、北京湖南企业商会签署了战略合作协议，与酒泉市人民政府共同启动“2020百名企业家西部行暨问道戈壁挑战赛”，发布6月“向上向善”好会员寻访名单及联合国“中小微企业日”会员纪念证书。中国中小商业企业协会监事长左凌云在闭幕词中指出，这次疫情之下对中小微企业等市场主体的政策措施，可以说是集大成的系统工程，涉及的对象多、范围大，落实政策、救助企业是各方的共同的事，绝不单单是某个方面的“独角戏”，要主动打破“玻璃门”、撤掉“弹簧门”、拆除“旋转门”。各金融机构要切实落实中央政策，进一步降低融资成本和门槛、增加授信额度、提高审批效率、做实担保平台等方面再加把火、给点力，争取在破解困扰中小微企业多年的融资难、融资贵问题上有新的突破和作为。通过政策给力、各方合力、企业努力，千千万万的中小微企业一定会恢复生气，既在这场危机中勇闯难关，也为推动我国经济突破重围、平稳发展贡献力量。,人民法治网
中国人权研究会发表文章指出，新冠肺炎疫情凸显“美式人权”危机,2020-06-24,http://www.chinanpo.gov.cn/1944/126689/nextindex.html,中国人权研究会11日发表《新冠肺炎疫情凸显“美式人权”危机》一文，揭露美国政府应对疫情自利短见、任性低效和不负责任，目前已造成约200万美国民众感染、11万多人死亡的悲剧，更使美国长期存在的社会撕裂、贫富分化、种族歧视、弱势群体权益保障不力等问题持续恶化，导致美国民众陷入深重的人权灾难。忽视疫情预警、优先考虑资本利益、将抗疫问题政治化……文章指出，美国暴发疫情后，一些美国政客并未把保障人民的生命和健康放在首位，反而将疫情视为攻击政治对手的武器和攫取权力与党派利益的契机，并优先考虑资本市场的反应，导致政府既未对民众进行有效示警，也没有为潜在医疗资源消耗做准备，把美国民众推向感染和死亡边缘。同时，美国社会的不平等在疫情中暴露无遗。文章认为，疫情使美国底层民众的生存状况愈加艰难，进一步加深社会贫富分化。面对疫情带来的高失业率，美国工薪阶层陷入生存危机。美国的弱势群体在疫情中生存艰难，老年人成为政府抗疫不力的“牺牲品”，无家可归者在疫情中无处安放，贫困儿童和移民儿童状况堪忧。文章揭示，美国的种族歧视在疫情中愈演愈烈。亚裔群体遭受严重的污名化攻击，非洲裔和拉美裔在疫情中承受巨大的种族不平等，种族主义暴力事件频发多发。近日，明尼苏达州非洲裔男子乔治·弗洛伊德遭白人警察暴力执法致死，引发美国全国范围大规模抗议示威活动，凸显美国民众对于种族歧视的不满与愤怒。抗疫不力违反“保障生命权”这一国家义务，违反平等与不歧视原则恶意“污名化”中国，停缴世卫组织会费阻碍全球共同抗疫，单边制裁违反人道精神和国际合作原则……文章强调，面对这场全人类与病毒的斗争，美国政府却挥舞霸权大棒四处煽风点火，试图转移视线、推卸责任，严重破坏国际社会团结合作应对疫情，严重背离国际人权法精神。,新华社
中国乒乓球协会：力争8月重启国内赛事,2020-06-22,http://www.chinanpo.gov.cn/1944/126657/nextindex.html,虽然受新冠肺炎疫情影响，国内外的乒乓球赛事目前仍处于无限期停摆状态。不过，综合各方面消息，在赛场上重见国乒英姿的日子或许也不远了。国内赛事力争8月重启据了解，中国乒协目前正在积极筹划，力争于8月重启国内赛事。协会主席刘国梁此前接受采访时曾表示，国乒队员在集训期间竞技和精神状态都保持得不错，“一旦疫情好转，随时可以战斗。”根据疫情的发展变化，国乒此前几度变更行程，最终于3月13日抵达澳门特别行政区，并在当地展开了长达3个月的“队史最长”封闭集训。本月15日，全队搭乘专车从澳门抵达广州体育职业技术学院，开始为期14天的隔离。隔离期满后，队员们将各自回到省队，进行短暂调整，并于7月中下旬重新集结。封闭集训后期，为了让队员在缺乏赛事刺激的情况下保持竞技状态，国乒每周末都开展队内比赛，检验训练效果、调整队员身心、激发队员活力。队内赛形式和项目各异，竞技性与趣味性兼具。在最受关注的单打角逐中，樊振东、马龙、许昕牢牢占据男队三甲，女队却因主力必须让分而连爆冷门，冠、亚军均被非主力队员摘得，世界第一陈梦仅排在第九位。区域性赛事可先行一步在本月4日进行的执行委员会会议上，国际乒联曾表示，希望在2020年最后一个季度即10月至12月恢复国际性公开赛事。同时，国际乒联还透露，联合会正在研究于第三季度举办区域性赛事或邀请赛的可能性。在此方面，德国乒协已先行一步并获得成功。本月初，德国乒协重新启动了国内俱乐部联赛。在当地时间14日进行的德甲决赛中，上海籍前国手尚坤带领萨尔布吕肯队击败巴西国手卡尔德拉诺领衔的奥克森豪森队，夺得俱乐部史上首个联赛冠军。赛后，尚坤与队友们戴着口罩高举奖杯庆祝胜利。同时，德国乒协还与杜塞尔多夫俱乐部合作，举办了包括多位欧洲高手参赛的杜塞尔多夫大师赛。比赛计划进行两个月，中国男队主要对手之一波尔夺得首周冠军，另一德国名将奥恰洛夫则在随后两周中蝉联桂冠。上述两项赛事尽管未向观众开放，但均配备了专业裁判，并安排电视转播。日本乒协强化训练部部长宫崎义仁也表示，中、日、韩等疫情控制较好的国家可率先举办对抗赛、邀请赛等，并通过招商、出售转播权等获取收益，再将所得作为奖金回馈给运动员，“同时，这也让观众在大型国际赛事到来之前，有机会能够欣赏到精彩的乒乓球比赛。”比赛形式将与以往不同无论内部对抗赛还是区域性邀请赛，随着疫情得到控制，乒乓球比赛正在渐渐回到球迷的视野中。国际乒联也于18日适时发布了疫情期间进行训练、比赛等活动的指导方案，其中，关于赛事的许多细节与以往相比变化较大。该方案将疫情对乒乓球活动的影响分为封锁、部分放宽封锁措施、开放训练场地、可以进行训练和比赛、恢复正常训练和比赛、预防6个阶段，其中后3个阶段涉及比赛场景。在第四阶段，国际乒联建议主办者只举行区域性比赛，参赛者不进行国际旅行。同时，在办赛细节上，国际乒联也给出了具体建议：不进行球拍检测，抽签必须在线上完成，比赛时球台上不能放置暂停牌，球员不能使用毛巾擦拭任何器材表面……在第五阶段中，国际乒联则提到，主办方提供的班车每天需进行两次消毒，参赛人员乘坐班车时必须戴口罩等。而在最后即“预防”阶段，国际乒联提出，当新冠病毒已有可用的疫苗时，所有参赛人员必须接种疫苗。“根据当前形势，我们必须遵守疫情防范措施和改变以往的生活习惯，才能安全地继续乒乓球运动，乃至逐渐恢复正常的训练和赛事。”国际乒联在公告中写道，“我们始终把运动员、教练员、工作人员的健康放在首位，同时尽最大努力促进比赛的回归。”（记者 王笑笑）,北京日报
河北社会组织发挥自身优势助力企业复工复产,2020-06-19,http://www.chinanpo.gov.cn/1944/126620/nextindex.html,“多亏了河北省企业信用协会的协调，让我在新冠肺炎疫情期间免抵押获得了15.5万元贷款。”河北省石家庄中悦环保科技有限公司负责人何永红说，目前企业生产的清洁机具销量同比增加10%。河北省企业信用协会常务副会长白建军告诉记者，目前协会有3000多家会员单位，均是信用较好的企业。新冠肺炎疫情期间，部分企业出现了资金上的困难，为此他们协调了渤海银行、天津银行石家庄分行等会员单位，根据企业信用推出了相应免抵押贷款金融业务，为几百家中小企业提供了低息贷款。河北省民政厅副厅长陈建民说，社会组织在经济社会发展中发挥着重要作用，尤其在教育、卫生、社会服务、文化娱乐等方面，以其特有的社会公益性弥补了政府和市场的不足，满足了人们不同层次、不同方面的需求。“如何设定餐桌距离、大厅内总人数控制在多少比较合理等，我都不知道该如何处理，还好有行业协会整理了餐饮细则，我们按照相关建议对餐厅进行重新布局，最近生意已基本恢复到去年同期水平。”邯郸市五谷丰登生态园总经理朱香秀说。河北省家政行业协会秘书长马金台说，5月份不少家政企业向协会反映，部分月嫂、保姆在北京和本地都遇到就业瓶颈。为此，河北省家政行业协会一方面与北京市海淀区社区商业联合会合作，将部分家政企业的工作人员定点输送到海淀区相关机构，一方面与河北省内家政服务进社区的试点城市沟通，让不少人实现了本地就业。（记者赵鸿宇）,新华网
深圳市猛犸公益基金会向希腊捐赠病毒检测实验室核心设备,2020-06-19,http://www.chinanpo.gov.cn/1944/126584/nextindex.html,作为中国与希腊两国团结抗疫的一项新成果，深圳市猛犸公益基金会向雅典大学微生物实验室捐赠华大集团研制的“火眼”病毒检测实验室核心设备。签约仪式16日通过视频方式举行。华大集团执行董事、猛犸公益基金会秘书长朱岩梅与雅典大学校长季莫普洛斯分别在深圳和雅典签署捐赠协议。中国驻希腊大使章启月、希腊卫生部长基基利亚斯和猛犸公益基金会执行理事长王石等分别参加签约仪式。此次捐赠的设备有望极大地提升雅典大学实验室的新冠病毒核酸检测通量，增强该实验室的检测能力。章启月表示，在此次疫情面前，中希两国相互支持、密切合作，共同践行了“生命至上”的价值理念，树立了“挚友相亲、守望相助”的国际合作典范。着眼未来，中希双方将进一步加强在卫生、健康、教育、文化、科技等多领域的合作与交流，为构建人类命运共同体作出贡献。基基利亚斯表示，面对疫情，希中双方保持着密切、高效的沟通合作。中国防控疫情的成果和经验，对于希腊抗击疫情是重要助力。两国将继续加强互利合作，一道为抗击疫情、推动全球卫生事业发展作出贡献。（记者李晓鹏于帅帅）,新华网
阿里巴巴公益基金会开启武汉心理疏导社会工作服务,2020-06-17,http://www.chinanpo.gov.cn/1944/126583/nextindex.html,6月16日，由阿里巴巴公益基金会联合武汉市民政局等部门共同发起，武汉市心理疏导社会工作服务项目启动，重点对抗疫一线医务工作者、疫情康复者、特殊困难家庭及受较大影响的疫情群体开展疫后心理重建。据了解，阿里巴巴公益基金会将提供1000万资金支持，武汉市慈善总会和武汉市社会工作联合会组织实施，在武汉市35个社区内，联合27家社会工作服务机构开展心理疏导服务。重点针对新冠肺炎病亡者亲属、新冠肺炎康复患者家庭、受疫情影响的特殊困难群体家庭及防疫一线医务人员和社区工作人员，开展情绪引导、心理辅导、困难纾解等服务，帮助服务对象渡过困难期，重建社区环境。“除了公益资助外，阿里巴巴公益基金会还将充分发挥平台和技术优势，整合阿里经济体资源，通过线上、线下方式助力疫后心理重建。”阿里巴巴公益基金会秘书长王瑞合表示。此次，阿里巴巴公益基金会、支付宝公益基金会、3小时公益平台、答答星球共同在淘宝、支付宝、饿了么、优酷等28个APP发起线上心理疏导社会工作互联网专题活动。手淘、支付宝等APP搜索“3小时公益”提供免费心理健康咨询、心理健康知识答题分享等服务，通过问一问、拍一拍、动一动、答一答的互动方式，线上线下结合助力疫后心理重建。疫情爆发初期，为了缓解疫情给人们带来的心理压力，支付宝公益基金会就与阿里健康联合国内权威心理健康团队共同发起“心理健康互联网援助行动”，上线面向医护人员及患者的“心理援助专线”，首批近200位心理健康专家志愿报名在线咨询服务，首批心理援助服务专门面向湖北地区。,环球网
中国—秘鲁民间组织召开线上疫情防控交流分享会,2020-06-16,http://www.chinanpo.gov.cn/1944/126544/nextindex.html,6月14日，在湖北省人民政府外事办公室、我驻秘鲁使馆大力支持下，丝绸之路沿线民间组织合作网络联合北京平澜公益基金会、中南屋等举办中国秘鲁民间组织疫情防控线上交流分享会。秘鲁中央政府新冠肺炎指挥部、国会卫生委员会、教育部和秘鲁阿普拉党、争取进步联盟以及首都利马政府和医院、亚马逊大区政府和医院、洛莱托大区医院、秘鲁姑息治疗医学协会、自我发展与管理协会、美洲国家志愿人员援助发展组织、国立工程大学、国立圣马科斯大学等秘方组织代表，在秘华人华侨、留学生和中资企业代表等约200人参会。这是丝绸之路沿线民间组织合作网络举办的第十一期防疫线上国际交流活动。5月29日，习近平主席同秘鲁总统比斯卡拉互致信函，共同提出加强两国在抗疫等各领域务实合作的倡议。本次会议从民间角度积极落实两国元首共识。秘鲁国会议员、卫生委员会主席梅里诺在致辞中表示，当前秘鲁疫情十分严重，对秘公共卫生系统带来了极大挑战，必须集中有限资源救治最需要帮助的人群。秘中两国友谊源远流长，来自中国的帮助让我们不再孤军奋战，合作抗疫将使两国关系再上一个台阶。秘鲁前卫生部部长、中央政府抗击新冠肺炎指挥部总指挥马塞蒂得知消息后，通过使馆主动要求参会并在总结发言中高度评价本场活动效果。她表示，疫情反映了秘鲁当前公共卫生系统比较薄弱，中方的经验非常宝贵和及时。中方代表分享的社区积极组织起来防控疫情在她看来是所有措施中最有效的一条。两国人民的团结让我深受感动，虽然地理距离遥远，但秘中两国人民的心通过这次会议连在了一起。她希望这次分享会只是一个起点，期待双方今后更多的交流。秘鲁最大的华人华侨社团—中华通惠总局主席梁顺表示，疫情暴发以来，华人华侨自觉遵守政府条例，自发组织防疫小组互帮互助，并向国内及秘鲁的医疗机构捐赠必需物资，有力支援了两国抗疫，期待在双方的进一步合作。在湖北省人民政府外事办公室协调下，武汉大学人民医院感染科教授、东院区感染科主任陈晓蓓作为会议嘉宾，讲解“新型冠状病毒感染”相关知识，包括新冠肺炎的病原学、流行病学特点以及新冠肺炎的诊断和预防措施等内容，并就秘鲁疫情现状提出针对性防控建议。武汉市武昌区中央花园社区党总支书记张淑静围绕“三方联动共建无疫情社区”主题展开分享，着重介绍了基层社区组织作为前线抗疫阵地发挥的作用，凸显中国共产党“人民至上”的执政理念。张淑静以故事的形式，分享了武汉市“劳动模范”王为钢及儿子王子鉴“父子齐上阵”完成社区消杀工作，“跑团”团长邓萍及儿子吴煜非母子协力为居民购置生活物资的感人事迹。5月23日，应秘鲁方要求，中国派出了一支由四名专家组成的抗疫专家组，驰援秘鲁抗疫工作半个多月。秘鲁卫生部部长萨莫拉向专家组颁发荣誉证书和奖章，表彰其对秘作出的贡献。本次会议特别邀请抗疫医疗专家组组长、南方医科大学南方医院医务处副处长郭怡，专家组成员南方医科大学南方医院呼吸与危重医学科主任医师刘来昱、神经危重症科副主任医师吴永明、感染管理科副主任医师周浩介绍其在秘鲁开展抗疫工作情况，并为秘下一步抗疫工作建言献策。丝绸之路沿线民间组织合作网络发起方—中国民间组织国际交流促进会秘书处负责人在总结致辞中表示，中国国家主席习近平在多个场合指出，人类是一个命运共同体。战胜关乎各国人民安危的疫病，团结合作是最有力的武器。今天的会议是积极落实两国元首共识的重要体现。中国抗击疫情的经验、方法，正沿着丝绸之路从“云端”传递出去。欢迎秘鲁乃至拉美地区的民间组织加入合作网络，开展更多合作，以实际行动打造中拉命运共同体。秘鲁当前疫情严重，对抗疫合作需求迫切。秘各界人士高度关注，秘鲁卫生部门和主要大区政府均派代表出席，秘鲁基层代表和部分城市市长观看了视频录像。由于互动环节问题多、解答细，原定2小时的会议延长了一个半小时，持续到当地时间凌晨12点半。不同领域的与会者纷纷在留言板上表达感谢，并表示从本次活动中受益匪浅。来自秘鲁Villa Victoria Surquillo健康中心的医生佩拉表示，中国的经验证明，从基层社区发起的初级卫生保健是重要且有效的，政府要重视基层社区的疫情防控工作。网友丹尼斯表示，中方专家关于病毒检测方式及效果的介绍生动形象，希望秘鲁可以借鉴中国有益经验，改善病毒检测手段。,中国民间组织国际交流促进会
一场特殊的援鄂行动,2020-06-16,http://www.chinanpo.gov.cn/1944/126538/nextindex.html,全国性社会组织帮助湖北省销售特色农产品疫情防控形势稳定向好，湖北省特色农产品滞销问题却日益凸显，形势迫在眉睫。在全国支持湖北省经济社会发展的暖流中，民政部积极落实党中央决策部署，制定出台一揽子措施安排，其中明确要求：引导全国性社会组织采取“以购代帮”“以购代捐”等措施助力湖北农产品销售，支持湖北贫困地区脱贫攻坚工作。于是，在民政部社会组织管理局的动员引导下，全国性社会组织扛起了帮助湖北省销售特色农产品的重任。悄然开启。穿针引线促成8位县长“带货”直播自4月中旬起，中国扶贫基金会善品公社项目与湖北省扶贫办联合腾讯等机构共同主办了一场持续半个多月的湖北省贫困县市区农特产品“带货”直播。直播中，湖北宣恩、阳新等8个贫困县市区的相关负责人化身网络“主播”，大力宣传当地特色农产品。爱心企业纷纷表达采购意向，广大网友一边跟随镜头欣赏当地美景，一边踊跃下单践行消费扶贫。一时间，带有板栗香的恩施绿茶、散发淡淡花香的神农架蜂蜜等多款湖北农特产品，成为名声大噪的网红食品。据统计，这次网络在线推销，8位县长携8款特色农产品开了8场直播，总观看量663.8万次，订单量突破64000件，消费扶贫总金额397.1万元。中国扶贫基金会善品公社项目相关负责人告诉记者：“我们选择采用网上直播销售的形式，主要考虑三个方面。一是将湖北农产品以最直观的方式推荐给网友，通过消费扶贫拓宽销售渠道。二是宣传当地风土人情，给特色农产品树立品牌。三是做好安全防护，降低成本，人人皆可参与。”同样采用线上直播形式帮助湖北销售特色农产品的还有中国茶叶流通协会。3月18日，协会举办的首场“喝彩湖北茶”网络公益直播活动的点击量超过90万人次，销售额89万元，一系列线上宣传活动实现了整体销售额近200万元。中国茶叶流通协会秘书长梅宇表示：“这个销量已经达到了我们的预期效果，算是一次有益的创新尝试。”在中国茶叶流通协会官网上，可登录查询“全国重点县春茶（集采）信息平台”，包括武汉市、十堰市等湖北9个地州24个区县的235家茶叶企业均在其中，覆盖了13个国家级贫困县。平台主要对接重点县、批发市场和加工企业，提供大宗的茶产品交易信息。“我们协会还推出了公益扶贫茶项目，整合政企资源，促成企业对贫困地区好茶的发掘、推广和资金帮扶。”梅宇介绍说。今年4月初，在协会的对接下，公益扶贫小罐茶项目与湖北恩施、五峰两地顺利签约，预计总销售收入可达500万元，项目收益将全部返还用于当地产业发展与助力茶农脱贫。此外，协会会员单位迅速响应号召，在短时间内已直接购买湖北茶近5000吨，价值1.25亿元。牵线搭桥把产销对接做实做活“我们瞄准的是会员单位员工家庭的巨大消费需求，坚持协会引导、市场化运作的原则，牵线搭桥产销对接，让鲜活的湖北农产品从田间地头直接送到消费者的菜篮子和餐盘子里去。”中国农业产业化龙头企业协会央联食品保障分会负责人金其洪告诉记者。央联食品保障分会是中国农业产业化龙头企业协会的分支机构，是为农业产业化龙头企业助推精准扶贫、做好产销对接工作而专门设立的。根据对湖北重点扶贫市县实地考察和开展对接活动的实战经验，此次助力帮销重点选择了脐橙和小龙虾等特色农产品。“产销对接的关键是产品质量，我们对接的每个产品都有品牌或地域品牌，都要有生产许可和产品质量检验报告，真正做到保真、保质、保鲜、保价。”金其洪对食品安全极为重视。本着从源头产品基地到终端消费者餐桌一站式对接的思路，中国农业产业化龙头企业协会充分发挥央联食品保障分会的作用，进一步组织引导线下线上销售渠道，把产销对接做实做活。在线下，组织会员单位采买农产品送进食堂后厨，在20余家“央联e家生活体验馆”上架销售，联合新发地市场着手建立湖北小龙虾、秭归脐橙批发中心，拉动市场消费；在线上，依托购物网站“央联港”扩大销售渠道。湖北秭归盛产柑橘，四季均有不同品种的鲜果产出。为破解滞销困境，中国果品流通协会依托与当地果品企业建立的对口合作机制，在产地政府的对接支援下，着重在果品的采购、调运和销售环节施策发力。协会还在官网和公众号上开通了“战疫情果品网上对接”专栏，为秭归脐橙举办了线上产销对接和云展示云推介活动，再加上重点对接京东生鲜等龙头企业帮扶销售，目前已达成了7000余吨的秭归脐橙销售量，有力帮扶了当地柑橘产业转危为安。中国食用菌协会与湖北省食用菌协会建立了灵活的产销对接联动机制，引导组织龙头企业和会员单位，在湖北集中采购了价值2亿多元的食用菌。协会还开辟了网上博览会“湖北爱心菇专区”和建立行业数据平台，与湖北当地筹划举办食用菌博览会和香菇主题推介会等，做好信息化产销对接，积极引导市场和行业发展，打造具有湖北特色的食用菌优质品牌。中国广告协会第一时间在会员群中发布湖北农产品对接信息，会员单位积极响应，帮助销售荆州小龙虾、秭归脐橙等农产品6.6吨、价值38.13万元。中国农产品流通经纪人协会、中国合作贸易企业协会、中国日用杂品流通协会、中国蜂产品协会等全国性社会组织，充分发挥会员单位连锁企业、零售企业多的优势，组织采购湖北滞销农产品900多吨。（记者 郑超）,中国社会报
北京智源人工智能研究院：新技术框架可追踪流行病接触者,2020-06-15,http://www.chinanpo.gov.cn/1944/126531/nextindex.html,日前，北京智源人工智能研究院和北京大学计算机科学技术系团队联合研发出一种流行病接触者追踪计算框架，它既是一种遏制病毒传播的公共卫生监测手段，也可保护用户隐私。这种新型技术框架与边缘计算平台结合，追踪感染人员的相对位置，使用的密切接触判断技术是公开方法，并将数据存储在个人设备和政府部门所管辖的本地边缘数据存储库上，而非商业公司的数据中心。（余建斌）,人民日报
中国烹饪协会：餐饮业全面检查原材料进货、自查生鲜及冷冻肉类风险隐患,2020-06-15,http://www.chinanpo.gov.cn/1944/126525/nextindex.html,6月14日晚，中国烹饪协会发布餐饮业加强新冠肺炎疫情防控的紧急通知，提出餐饮业加强重点环节食品安全自查，全面排查生鲜、冷冻猪肉、牛肉、羊肉、鸡鸭肉等畜禽类、水产品及其制品等重点品种，专业冷冻冷藏库房等重点部位的食品安全风险隐患。同时要保证餐饮业供应、质量及价格稳定。各会员单位：近日，北京市连续出现新冠肺炎新增确诊病例，使北京餐饮业防控更加严格，常态化疫情防控仍要保持高度警惕。中国烹饪协会认为餐饮业在有序复工复业的同时，当前工作重点仍应坚持将各项防疫工作落实到位，尤其做好以下几方面工作：一、参照执行《餐饮业在新型冠状病毒流行期间病毒防控服务指南（暂行）》和《餐饮业复工复产指南》要求。将“十有”标准和“五达标”要求落实到位。全面检查原材料进货、食品加工制作、餐饮具清洗消毒、从业人员健康状况。二、严格遵守国家和属地政府相关部门疫情防控要求。主动筛查政府部门指定的高风险食品原料，确保食品原料可追溯。外卖和恢复堂食的餐饮企业要履行食品安全主体责任，正规渠道采购原料，禁止购买、储存或使用来源不明的食品原料。三、突出重点，加强重点环节食品安全自查。全面排查生鲜、冷冻猪肉、牛肉、羊肉、鸡鸭肉等畜禽类、水产品及其制品等重点品种，专业冷冻冷藏库房等重点部位的食品安全风险隐患。四、积极响应国家市场监管总局“保价格、保质量、保供应”行动。提升政治站位，提高责任意识，强化安全防护，主动承担社会责任，履行诚信经营，努力稳定本地食品菜品的价格，保障市场供应。2020年6月14日,每日经济新闻
北京市美发美容行业协会,2020-06-15,http://www.chinanpo.gov.cn/1944/126524/nextindex.html,：防控调至二级管控措施进店要查健康宝6月15日，紧急召集会员企业，要求各企业检查防疫措施，继续严格执行二级防控防疫指南各项要求。按照二级防控指引要求，门店对进店人员继续测体温、健康码和登记个人信息并落实场所与操作环节防疫规定；坚持预约服务，店内等待区不能超过两人。记者走访部分美发门店发现，一些门店已经主动升级防控措施，付军剪艺8家门店均正常开业，该企业创始人付军介绍，5月份进店客流已经快接近去年同期，这两天客流下降明显。自北京市出现新的确诊病例后，他们也将防控措施调整到与2月初最严格时期相同了，“包括店内加强消毒，客人进店必须扫健康码，并实行客户信息登记。坚持预约服务，一客一消毒。”付军表示，美发店员工与批发市场的交集比较少，但目前企业也在对员工进行前14天内是否去过新发地、京深海鲜市场的筛查。会长陈桂钦介绍，今天下午协会将召集各美发美容连锁企业召开会议，做好二级防控布署。按照北京市商务局要求，各企业要按照二级响应防控措施要求，迅速调整完善防控工作方案预案。另外，各企业还要主动筛查近14天到过新发地批发市场的人员，要立即安排其就近进行核酸检测。陈桂钦介绍，自疫期复工以来，北京市的美发美容行业门店逐步有序复工，严格执行了行业疫期经营防疫指引的要求，实现了疫期服务安全。截至目前，全市各美发美容企业均正常运营。受近期疫情防控出现反弹，协会要求各企业，严格要求门店对进店人员继续测体温、健康码和登记个人信息并落实场所与操作环节防疫规定。门店公示相关防疫规定；固定面部护理场所，场所要充分消毒、通风，保障中央空调系统防疫处置。服务场所内，工位间保持1.8米以上间距并进行物理隔断。坚持预约服务，店内等待区不能超过两人。服务人员每次上工位前监测体温，体温异常即时离岗。上岗前做好个人消毒、勤洗手、每客一消毒，配齐防护装具。口罩使用一次性医用口罩，建议使用Kn95口罩。另外，工具、科美仪器一客一消毒，隔离装置一客一换、废弃物一客一清理。工位上尽量少对话，不操作时服务人员保持与客人安全距离。不提供无密封包装的饮料与食物、礼品。同时，各企业要配合政府有关部门监控，建立服务安全责任制。发生安全责任事故及时处理。出现聚集性传染事故立即通报协会和属地相关管理部门。（记者 陈琳）,新京报
北京市海淀饮服行业协会,2020-06-13,http://www.chinanpo.gov.cn/1944/126518/nextindex.html,：按4.0版要求停止群体性聚餐北京连续两日出现新冠肺炎确诊病例使得北京餐饮业防控也愈加严格。6月12日晚，发布通知称，严格按照《新型冠状病毒肺炎疫情期间餐饮服务单位经营服务指引（4.0版）》进行规范操作，控制就餐人数，确保间距1米以上，同时停止酒席宴会群体性聚餐。称，北京市连续两日出现新冠肺炎确诊病例，说明了疫情风险随时随地存在，常态化防控容不得半点松懈。根据其通知，餐饮业应严格按照《新型冠状病毒肺炎疫情期间餐饮服务单位经营服务指引（4.0版）》进行规范操作。根据上述餐饮服务单位经营服务指引4.0版规范要求，餐饮企业要确保员工体温正常，上岗期间保持清洁卫生，严格洗手消毒，时刻佩戴口罩，并及时更换；安排专人对就餐人员检测体温并核实“北京健康宝”信息；同时，要在店内外候餐区、取餐区、结账区等人员易聚集区域划设“一米线”，严格控制人流密度，提示顾客与他人随时保持1米以上的距离；控制餐厅就餐人数，拉开桌位间距，确保间隔在1米以上。值得注意的是，4.0指引规范要求，餐厅不得安排非同行顾客同桌就餐，停止接待群体性聚餐，严格控制就餐规模，停止承办酒席宴会等群体性聚餐活动。通知要求，已经复工的餐饮企业进行全面食品安全自查，要重点检查原料进货、食品加工制作、餐饮具清洗消毒、健康状况等，对海鲜、猪肉、牛肉等进货开展检查，确保来源可追溯。新京报记者还了解到，目前北京已有餐饮协会人士接到通知称，由于疫情形势，北京市餐饮业防控或调至二级防控措施，城管执法部门按照北京餐饮经营服务指引4.0版进行检查指导。（记者 张晓荣）,新京报
武汉市民政局强化党建引领 发动全市社会组织积极参与疫情防控,2020-06-11,http://www.chinanpo.gov.cn/1944/126497/nextindex.html,在抗击新冠肺炎疫情中，湖北省武汉市民政局强化党建引领，积极履职尽责，发动和引导全市社会组织积极参与疫情防控。全市6252家社会组织发挥各自行业优势和专业特长，尽锐出战、各尽所能，全方位参与疫情防控，凝聚起抗击疫情的强大社会力量。发挥带头作用冲锋在前疫情发生后，武汉市社会组织党组织第一时间带头响应，组织广大党员挺身而出，成立“决战疫情党员突击队”“志愿服务突击队”，带领广大会员积极参与疫情防控，发挥了党组织的战斗堡垒和党员先锋模范作用。在武汉火神山、雷神山医院等医疗机构建设工程中，武汉建筑业协会、武汉勘察设计协会、武汉市安全技术防范行业协会、武汉建设监理与咨询行业协会、武汉建筑装饰协会等建筑施工领域行业协会党组织，动员1000余家会员企业奋力拼搏，有力保障了防疫医疗机构的顺利及时投入使用。武汉市莆田商会等40余家异地商会党组织，引导会员企业和党员骨干响应号召、留守武汉，主动对接做好外地援汉医疗队后期保障工作，帮助解决援汉医务人员的生活和工作急需物资。开展慈善捐赠驰援前线在疫情前中期，全市社会组织一方面发起倡议，动员会员单位募捐；另一方面发挥行业优势，汇聚各方资源，紧急筹集口罩、防护服、消毒液等各类防护物资，驰援抗疫前线。武汉市慈善总会作为市指挥部指定的全市两家接受捐赠主体之一，承担了全市通用物资和资金捐赠接收任务。慈善总会优化工作机制、完善工作流程，运用专业能力，将防疫资金、急需物品和社会各界的爱心源源不断输送到最需要的地方。其他社会组织及会员企业累计捐款超3.4亿元、捐赠价值超8000万元的医用物资和通用物资，全部用于疫情防控。凝聚专业人才科学抗疫学术类、科技类社会组织组织专家学者和专业人才第一时间投入科研攻关工作并普及防疫科学知识，引导社会公众相信科学，不造谣不信谣不传谣，释疑解惑、稳定人心。武汉医学会聚焦疫情防控策略、新冠肺炎诊疗规范、个人和集体安全防护等大众普遍关注的重点内容，通过媒体和微信公众号发布各类新冠肺炎防控科普文章49篇。武汉科学普及研究会会员、中国工程院院士、华中农业大学教授陈焕春作为省新冠肺炎疫情防控科研攻关组专家积极参与新冠病毒毒株基因分析等重大科研攻关项目，会员胡志红、袁志明作为中国科学院武汉病毒研究所研究员积极参与科研攻关。武汉药学会参加编写《突发急性传染病背景下静脉用药集中调配模式专家共识》《新型冠状病毒肺炎临床合理用药专家共识》，为定点医院、方舱医院等医护人员守护用药安全。武汉非公立医疗机构协会积极动员全市社会办医疗机构，组织医护人员近6000人第一时间投入抗疫一线，从全国社会办医疗机构中争取协调了470名医护人员组成八批医疗队，支援全市医院和隔离点。开展文艺创作加油鼓劲文化艺术类社会组织创作了一批抗疫作品，展现抗击疫情的感人事迹，为奋斗在一线的抗疫工作者加油鼓劲，用艺术作品凝聚全民抗疫的强大精神力量。武汉漫画研究会组织创作了抗疫主题漫画400多幅、推送漫画抗疫作品40多期。武汉市摄影家协会创作抗疫主题摄影作品1500余幅（组），推送出新媒体图文、视频专题60余篇（条），达到上百万的阅读量。深化政社互动联防联控全市社工机构、志愿服务组织、行业组织、社区社会组织协助开展防控排查、公共场所清洁消杀、社区工作人员支持等活动，缓解了一线防控压力。社会工作服务机构根据疫情防控不同阶段的需要，组织专业社会工作者先后开展居家隔离线上心理疏导服务、方舱和集中隔离点（康复驿站）社会工作服务、疫情平稳后的心理疏导和社会工作服务。据不完全统计，全市共30多家社工机构800余名社工积极投身线上居家隔离心理疏导服务，服务群众超过1.5万人；市社会工作联合会组织在9个隔离点（康复驿站）开展专项社会工作服务，隔离点社工服务累计受益1566人。此外，还有数千名社工在抗疫一线参与城乡社区封控管理、上门排查、物资配送、困难群众帮扶等工作。各类志愿服务组织也积极协助社区做好防疫工作，推动社区防控各项措施落实落细。武汉青年志愿者协会累计招募青年志愿者2.3万名，近万名青年协助社区开展政策宣传、疫情排查、小区封控、物资采购等志愿服务，日均950名青年志愿者为全市105 家商超门店提供分拣打包、搬运配送等志愿服务。各行业协会利用行业优势，发动和支持会员单位全面参与公共领域安全卫生等方面工作。武汉市物业管理协会、武汉市清洁行业协会、武汉市保安行业协会、武汉农业电子商务协会、武汉房地产经纪行业协会等立足行业优势，加强楼宇、街道、小区、酒店等公共区域消毒杀菌，为一线医护人员提供免费食宿等，解决医护人员的生活所需。社区社会组织充分发挥扎根社区、熟悉社区的优势，协助社区（村）做好防疫宣传、卫生消杀、重点人群防控排查、信息收集和报送工作，与社区工作者一道合力扎牢社区群防群控的篱笆。引导行业企业复工复产行业协会商会类社会组织主动发挥政府和企业的桥梁纽带作用，通过发布倡议、提供行业资讯、加大金融授信、减免会费等措施，积极帮助企业复工复产。武汉企业联合会、武汉企业家协会联合北京德成经济研究院在全市中小企业通过调研，撰写了《关于新冠肺炎疫情对武汉中小企业影响的调查及对策建议》，为帮助企业解决困难提供决策参考。联合武汉软件行业协会、武汉食品行业协会等行业协会商会和部分企业，收集整理各行业复工复产面临的问题，撰写了《疫中疫后各行业复工复产相关问题困难和政策需求的调查汇总》，上报市发改委、市经信局等相关部门。（李 桥）,中国社会报
四川省总工会召开四川省困难职工帮扶基金会参与新冠肺炎疫情防控工作通报会,2020-06-10,http://www.chinanpo.gov.cn/1944/126458/nextindex.html,6月5日，四川省总工会在成都召开四川省困难职工帮扶基金会(以下简称“基金会”)参与新冠肺炎疫情防控工作通报会，向各捐赠爱心单位反馈基金会参与新冠肺炎疫情防控的相关工作情况。记者从本次会上获悉，截至6月4日12时，基金会累计接收新冠肺炎疫情防控专项捐赠款物1212万余元，其中捐赠资金581万余元，捐赠物资折价631万余元，先后开展免费公益保险保障计划、免费单车月卡助力计划、心理关爱援助计划、战“疫”一线工作者守护计划等系列活动，为打赢我省疫情防控的总体战、阻击战贡献职工慈善力量。新冠肺炎疫情发生以来，省困难职工帮扶基金会积极发挥全省性慈善组织的平台作用，广泛引导动员我省各级工会组织、广大职工、爱心企业、社会力量助力疫情防控，在链接资源、慈善募捐、防疫保障、抗疫慰问、公益保险、心理关爱等方面主动作为，携手广大职工共同抗疫。截至6月4日12时，累计支出捐赠款物1241万余元，其中捐赠资金609.47万余元，捐赠物资折价631.62万余元，活动覆盖帮扶四川抗疫一线工作者及职工8万余人次。省总工会相关负责人表示，疫情发生以来，基金会主动作为，得到中华全国总工会、省总工会的充分肯定。基金会搭建平台、凝聚工会慈善力量参与疫情防控的工作模式，为基金会和各级工会组织今后进一步加强社会化帮扶工作提供了经验。今后，各级工会组织可借鉴该模式，运用互联网的科技手段，引导广大职工关注慈善、参与慈善，方便职工群众做好“随手公益”、“人人公益”。今年是全面建成小康社会的决胜期，为实现全国级困难职工解困脱困目标，省总工会提出，各级工会要加强与基金会的战略合作，加强协作，在脱贫攻坚和社会化帮扶工作中实现资源整合、优势互补。基金会在继续加大网络募集帮扶资金的同时，要重点引导动员各级工会、广大职工、国有和民营重点企业捐赠资金、物资，汇聚社会各界爱心资源和能量参与。基金会要牢固树立“一盘棋”，运用新的方法和手段开展工作，推动困难职工解困脱困工作实现联合救助，确保全省职工如期同步迈入全面小康社会。当天会上，中建二局一公司成都分公司工会、四川中烟工业有限责任公司工会、四川省宜宾五粮液集团有限公司工会、中国石油集团川庆钻探工程有限公司工会等新冠肺炎疫情捐赠单位代表作交流发言，与会领导为新冠肺炎疫情捐赠单位授予《战“疫”一线工作者守护计划“爱心单位”》牌，省农村信用社联合社工会向基金会捐赠100万元困难职工社会化帮扶资金，用于我省困难职工(农民工)解困脱困工作。（记者 郝勇）,四川在线
中国台球协会宣布恢复全国性台球赛事与活动,2020-06-10,http://www.chinanpo.gov.cn/1944/126447/nextindex.html,中国台球协会4日于官网发布《全国性台球比赛疫情防控指南》，宣布将于即日起审慎、安全、有序恢复全国性的台球赛事和活动，并列出相关要求。《指南》称，为支持台球赛事在安全的前提下逐步恢复，满足广大台球爱好者健身、比赛需求，根据《体育总局统筹推进新冠肺炎疫情防控与体育工作领导小组关于有序恢复体育赛事活动的指导意见》，“拟于即日起审慎、安全、有序恢复全国性的台球赛事和活动”。《指南》指出，“本指南所指的赛事，是由中台协主办、参与主办或支持的全国性赛事”。各地方台协及其他赛事可以参照指南的相关规定执行，并列出了“疫情防控常态化”等相关总体原则。“台球是在室内举行的非身体接触类体育运动，被普遍视为低风险项目。”《指南》中写道，“但是，参与赛事相关人群，如组织者、参赛者、技术官员等，仍应在赛事活动过程中保持安全社交距离，注意手部、面部等的消毒与清洁工作，将新冠疫情传播的风险降至最低。”由此，《指南》列出了赛事组织过程中的十三条具体要求，包括“不在国家卫健委公布的高风险和中风险地区举办赛事”“赛事组织工作人员（包括裁判员）、运动员应持一周内的核酸检测阴性证明参赛”“比赛设专职防疫官员1名，统筹管理涉及疫情防控的所有事项”“现阶段暂不接受观众，空场举办”及“取消裁判员、运动员之间的握手礼，改为鞠躬礼”等。中台协补充称，鉴于疫情期间举办赛事的复杂性和特殊性，承办单位在条件允许时应为工作人员、运动员等准备包括医用口罩、小包装酒精湿巾及其他适用的防护品在内的防护装备包。（记者 郑直 梁金雄）来源：新华社,
博鳌亚洲论坛发布《疫情与变化的世界》,2020-06-03,http://www.chinanpo.gov.cn/1944/126445/nextindex.html,博鳌亚洲论坛6月2日发布《疫情与变化的世界》专题研究报告认为，新冠肺炎疫情是首个真正的“全球化疫情”，人类历史上首次主动为传染病防控按下全球经济的“暂停键”。报告指出，疫情对世界经济、安全和全球发展态势产生了重大影响，将加速国际秩序和人类社会面貌的演变。全球化这一历史大势不会因疫情而停止，但其结构和内涵可能出现新的变化。博鳌亚洲论坛秘书长李保东表示，疫情以无比清晰的方式警醒世界，人类生活在一个地球村，已经成为命运共同体。没有哪个国家能够在全球性挑战面前独善其身。博鳌亚洲论坛始终认为，只有坚持多边主义，加强国际合作，才能更好地应对全球性挑战。该报告是在博鳌亚洲论坛全球健康论坛第二届大会筹备工作视频专家会议上发布的。（记者王慧）,人民日报
用心用情 汇聚大爱,2020-06-02,http://www.chinanpo.gov.cn/1944/126364/nextindex.html,厦门市凝聚社会组织力量全力支持抗“疫”在这场新冠肺炎疫情防控阻击战中，厦门市民政局、厦门市社会组织综合党委坚决贯彻习近平总书记重要指示批示和党中央决策部署，引领全市社会组织主动履行社会责任，动员所属力量积极参与疫情防控和爱心捐献，让全社会感受到厦门温度、厦门力量，展现了“爱心厦门”良好形象。一、深入发动，吹响“集结号”（一）在“早”上发力。疫情发生后，市民政局、社会组织综合党委坚持把动员全市社会组织参与疫情防控工作作为重要政治任务，第一时间下发《关于动员社会组织参与新型冠状病毒感染的肺炎疫情防控工作的通知》，要求全市社会组织和登记管理机关，特别是党组织和党员，坚决拥护决策部署、坚决做好自身防护、坚决履行社会责任。厦门市湖北商会在福建省启动一级应急响应当天，就下发《厦门市湖北商会关于新型冠状病毒肺炎疫情紧急告全体会员书》等疫情防控文件，5天内动员会员第一批捐款约25万元，第一时间支持湖北省疫情防控工作。（二）在“广”上拓展。在厦门市防控新冠肺炎疫情指挥部统一领导下，市民政局联合市红十字会、慈善总会和工商联等单位，成立疫情防控社会捐赠组，牵头做好国内捐赠相关事项。据不完全统计，截至目前，全市有320家社会组织，参与并发动会员单位和个人，累计捐款捐物合计近3亿元（其中捐款约1.2亿元、捐赠物资价值约1.8亿元）。（三）在“时”上建效。建立社会捐赠“日报周结”制度，每日收集社会组织参与疫情防控和捐赠数据，每阶段汇总发布爱心捐献情况，让大家感受爱的力量，持续推动社会组织参与疫情防控和“爱心捐献”活动。通过官网、微信公众号推出“社会组织在行动”16期、社会捐赠“爱心榜”5期。《厦门日报》专版刊登了社会力量参与爱心捐献的详细情况。二、发挥优势，用好“主阵地”（一）依托慈善组织平台，规范捐赠行为。下发《关于动员全市慈善组织依法有序参与新型冠状病毒感染的肺炎疫情防控工作的倡议书》，引导慈善组织广泛链接海内外资源，积极有序合规开展爱心捐献活动。所有厦门以外捐赠主要通过市红十字会、慈善总会进行。结合“爱心厦门”建设，市区两级慈善组织开展募捐活动，每日上报、定期对外发布捐赠情况，主动接受社会监督，确保受赠财物全部及时用于疫情防控。截至目前，市红十字会、市慈善总会分别接受捐赠钱物合计7300万元、3500万元，全部用于疫情防控。（二）发挥行业商协会作用，撬动社会力量资源。积极发挥行业协会规范自律、行业引导作用，引导会员单位拓展货源、稳定供应、复工复产。同时，汇聚各方资源，帮助对接具体对象，聚合款物资源驰援抗疫前线。厦门市高新技术发展协会发挥协会优势，动员150家会员企业累计捐赠款物合计约1.1亿元（其中捐款约6500万元、捐物价值约4600万元）。厦门市眼镜行业协会根据全国护目镜紧缺的情况，第一时间完成生产底数摸底、第一时间协调护目镜企业生产、第一时间进行护目镜筹集，共募捐护目镜14万副、价值420万元，全部用于疫区早期疫情防控。 （三）利用社工机构专业力量，助力一线防控工作。运用“三社联动”机制，社会工作服务机构、社区社会组织和专业社工主动深入城乡社区，积极抗疫。厦门市心理咨询师协会等33家社会组织，开通24小时免费“心理抗疫”热线，为医护工作者和家属以及普通民众提供心理咨询服务；各社区社会组织积极协助社区做好人员排查、防疫宣传等工作，推动社区（村）防控措施落实落细、“社区防控网”织密织牢。三、严格督查，守好“基本盘”（一）明确基本遵循。下发《关于进一步规范社会组织在新型冠状病毒感染的肺炎疫情防控工作中开展社会捐赠活动的通知》，坚持一手抓发动、一手抓监管，要求做到“四个规范”：规范捐赠行为、规范物资使用、规范台账管理、规范事后检查。（二）开展专项检查。市民政局成立检查指导组，组织社会组织大排查大整治，重点突出安全生产隐患、社会组织自身防控、校外培训机构等内容。联合市有关部门、各区民政局对市区红十字会、慈善会等14家慈善组织开展专项检查，针对发现的问题，从建立快捷分配通道、避免善款积压，跟踪善款使用、建立3天公示制度、完善公示信息等方面，规范慈善组织募捐行为。（三）抓好常态落实。随着疫情防控进入常态化，及时制定《社会组织疫情防控期间召开会议指引》，同时要求相关社会组织签订《防控承诺书》。建立常态检查机制，结合年检年报、双随机检查等工作，对各社会组织参与疫情防控工作进行检查，确保疫情防控工作落到实处。（黄雅蓉 周俊）,厦门市民政局
中国一菲律宾民间组织在线召开疫情防控交流分享会,2020-06-02,http://www.chinanpo.gov.cn/1944/126358/nextindex.html,5月29日，丝绸之路沿线民间组织合作网络发动成员组织爱德基金会，与菲律宾中华研究学会、菲中友好协会、菲律宾华裔青年联合会、菲律宾针灸学会共同举办“云端对话”系列活动之中菲民间组织疫情防控线上交流分享会。本次会议共吸引了五大洲15个国家或地区，121家机构的近200人参加，与会者涵盖了医疗、研究与社会发展等领域。这是丝绸之路沿线民间组织合作网络举办的第十期防疫在线国际交流活动。菲律宾中华研究学会主席隆美尔·班劳威在致辞中表示，这次会议的举行非常及时并切合实际，不但提高了菲律宾民众对针灸和中医的认识，而且在隔离和封锁措施中维护了菲中两国人与人、专业与专业之间的友好联系。“在这样一个艰难时期，距离不应成为限制，各国更应当团结起来共同面对所有挑战。”班劳威认为，此次活动不仅有助于推动菲中之间的医疗交流，还有助于加强菲中两国乃至‘一带一路’沿线国家的民间交流。后疫情时代我们必须适应新常态，建立起共享未来的新世界。南京中医药大学第二附属医院健康管理中心副主任沈佳、江苏省中医院针灸康复科主任医师刘兰英作为会议嘉宾，围绕“复工复产中的疫情防控”和“中医药在抗击新冠肺炎中的作用”主题进行在线交流，并解答与会人员关注的普通民众如何在复工复产中有效防范新冠肺炎病毒，针灸治疗在患者临床治疗过程中的运用和效果等相关问题。会后，菲方组织通过邮件、微信等渠道向合作网络秘书处及成员组织发来感谢信，并分享了自己的抗疫故事。来自Si En TCM Institute的退休儿科医生伊丽莎白·索表示，新冠肺炎疫情在菲暴发后，她先后有10位同事感染并不幸离世，但有一名同事在使用了21味中药组成的方剂后幸运地康复了。她现在正在积极学习中医药治疗，很希望在中医药领域和中方有更多交流。来自乐仁出版社(Pastoral Bible Foundation)的阿尔贝托分享了中医药和针灸如何极大缓解了他自己因在出版行业工作40年造成的背部及胃部顽疾。此次网络会议的涵盖面之广、信息量之大都让他印象极为深刻，他急切地盼望能够与自己的中医医师分享此次会议的内容。来自菲律宾圣心社的莱阿表示，此次会议让他了解到新冠肺炎可以有多种中医药方法预防和治疗，且中方专家介绍的方法详实具体，令参会者受益匪浅。,中促会民间交流
中国国际交流协会组织多国青年发布助力抗疫国际合作联合倡议,2020-05-22,http://www.chinanpo.gov.cn/1944/126337/nextindex.html,5月20日，中国国际交流协会等社会组织与55个国家的166名青年通过网络视频平台，共同举办助力抗击新冠肺炎疫情国际合作联合倡议发布仪式。仪式上，参会青年共同研究抗击新冠肺炎疫情对策，发布《携手抗疫，成就无悔青春》联合倡议，号召各国青年担当时代重任，站在抗击疫情前沿，弘扬“和平合作、开放包容、互学互鉴、互利共赢”的丝绸之路精神，携手推动各国各方全面加强合作，凝聚起强大合力，共同打赢疫情防控的全球阻击战。参会青年认为，在新冠肺炎疫情面前，没有一个国家可以独善其身。国际社会只有齐心协力、团结应对，才能携手赢得这场人类同重大传染性疾病的斗争。联合国、世界卫生组织等正在发挥重要领导作用。中国有效遏制国内疫情扩散，为全球抗击疫情积累了经验、提供了支持，做出了重要贡献。中国国家主席习近平近日在第73届世界卫生大会上所提重要倡议和中国为推进全球抗疫的五大举措，对提振全球抗疫信心、推进国际抗疫合作具有重要意义。联合倡议呼吁各国青年：一要全力维护人身安全健康。积极投入疫情防治，带头遵守防控规定。坚持对各国人民一视同仁，坚决抵制种族歧视和侵犯人权，保障外国侨民合法权益，主动向有需要的人伸出援助之手。二要秉持尊重科学和事实的理念。科学论证病毒来源并采取科学防控策略。客观评价各国抗击疫情的努力和成效。坚决反对将公共卫生问题政治化，坚决抵制借疫情污名化特定国家、地区和民族。三要为经济和社会发展担当作为。消除恐慌，抵制谣言，营造稳定社会环境和清朗网络空间。主动研究分析，为经济秩序恢复正常、全球市场稳定和经济全球化发展贡献智慧。四要努力推动和踊跃参与国际合作，参与各国政党、政府、民众、民间机构和国际组织开展疫情防控和重振经济社会活力的合作。此次联合倡议活动由中国国际交流协会和有关社会组织共同发起。中国国际交流协会成立于1981年，是致力于推动中外友好交流合作和文明交流互鉴的全国性社会组织。,中国国际交流协会
中国红十字基金会将为医务人员免费提供心理支持,2020-05-13,http://www.chinanpo.gov.cn/1944/126163/nextindex.html,今天（5月12日）是国际护士节，中国红十字基金会宣布启动医务心理支持项目“安心计划”，将联合中国心理学会、中科院心理所的专家团队，为医务人员本人及医务人员家庭免费提供心理支持服务。据悉，“安心计划”先期将为基金资助过的有心理支持需求的感染医务人员、殉职医务人员家属，提供免费的心理支持服务，包括一对一心理疏导、每月一次心理健康（直播）公开课等，帮助其缓解情绪压力，恢复积极心态。“我们对基金资助的三千多名医务人员进行回访发现，部分感染医务人员和殉职医务人员家属面临着一些情绪压力。”相关负责人介绍，“我们会为基金受助人建立关怀档案，持续关注其身体和心理状况。”此前，“安心计划”在基金受助人中小范围试运行，为部分感染医护和3个殉职医务人员家庭提供了心理支持服务。“安心计划”负责人史占彪介绍，随着复工、复商、复产的推进，人们逐渐回归日常生活和常规工作，有过特定经历和创伤的医务人员可能会产生情绪压力，影响生活质量和工作效率。据基金公示信息，截至2020年5月12日，中国红基会已资助3543名抗疫医务工作者。其中，58名因抗击疫情不幸殉职的医务工作者，每个家庭获得100万元资助；其余被感染的医务工作者每人获得10万元资助。基金将持续守护医务工作者的身心健康。因抗疫而感染的医务人员本人、直系亲属、同事，均可登录中国红十字基金会官方网站，在“我要求助”栏目下载《资助申请书》填写，通过邮箱提交申请材料。需要心理支持的基金受助人及其家属可以通过邮箱anxin@psych.ac.cn申请获取帮助。（（记者 马瑾倩））,新京报
中国民间力量助力全球抗疫合作,2020-05-19,http://www.chinanpo.gov.cn/1944/126124/nextindex.html,民间力量，民心相通的使者。“我期待着更多像中国和平发展基金会一样的民心相通使者，在‘一带一路’沿线各国开展合作、造福民众。”习近平主席2019年给老挝中老友好农冰村小学全体师生回信时的话，始终鼓舞着中国民间力量投身于国际合作事业。面对新冠肺炎疫情，国际社会许多成员给予了中国宝贵支持和帮助。中国也尽己所能，开始了一场规模空前的国际人道主义行动。其中，中国民间组织发挥专长、相互配合、积极探索，为推进疫情防控国际合作作出了重要贡献。抗疫国际合作中，中国民间力量在一个个时间节点上留下的清晰足印，让各国民众之间的情感纽带更加牢固。急人所急，把各类物资送到最需要的地方3月，在中联部指导下，中国最大的国际交流类社会组织联合体——中国民间组织国际交流促进会（中促会）发起“丝路一家亲”民间抗疫共同行动（以下简称“共同行动”），呼吁民间力量向有需要的国家提供力所能及的帮助，得到积极响应。目前，在共同行动框架下，中国民间力量已与50多个国家开展了物资捐赠、经验分享、志愿者派遣等多种形式的抗疫合作，对外援助金额达1.73亿元人民币。3月11日，在中促会、中国红十字基金会支持下，北京光华设计发展基金会联合157家社会团体和单位发起“绿丝带行动”，根据收到的需求提供物资援助。3月15日上午，由深圳市猛犸公益基金会和华大基因科技有限公司（华大基因）向塞尔维亚紧急捐赠的核酸检测试剂盒运抵德国杜塞尔多夫。华大基因驻当地员工争分夺秒提货、分装，当天傍晚物资就送交塞尔维亚驻杜塞尔多夫总领事手中，当晚即搭乘专机运抵塞首都贝尔格莱德。4月7日，意大利布莱西亚市的Metech STG公司发来求助邮件：当地的贝迪祖雷养老院急需防护物资。“绿丝带行动”国际合作部立即行动，制定物资捐助计划，联系物资捐赠方、寻找物流渠道，由Metech STG公司与养老院沟通并提供相应文书。半个月后，养老院寄来照片，确认已收到防护物资。迄今，“绿丝带行动”吸引了295名国际志愿者加入，向意大利、伊朗、斯里兰卡、俄罗斯、阿根廷、法国、南非、墨西哥等18个国家以及联合国人居署捐赠了300万元人民币的抗疫物资。这样雪中送炭的国际捐赠还有很多。两个多月来，中国和平发展基金会的捐赠已覆盖意大利、西班牙、伊朗、缅甸、柬埔寨、老挝、巴基斯坦、南非、苏里南等10余个国家。“腾讯全球战疫基金”已捐出770万件医疗物资，飞行距离可绕地球三圈半。北京新阳光慈善基金会为伊朗抗疫公开募捐超过600万元人民币，捐赠人数达23万多人。与欧美发达国家相比，发展中国家大多人口稠密、公共卫生体系负担更重，守护发展中国家和弱势群体，对全球战疫至关重要。3月24日，尼泊尔开始实行居家隔离模式。4天后，尼泊尔南部第二省米西拉比哈里市主要街道上，每隔100米就新添了一个颜色鲜亮、贴有中国国旗的铁桶，这是中国扶贫基金会和西藏善缘基金会为当地捐赠的“卫生防疫洗手站”。居民们经过时，拧开铁桶上的水龙头，挤点儿消毒洗手液，就可以免费洗手。当地乡镇卫生院的医生们向民众展示洗手方法。这样的“洗手站”，尼泊尔已经有180个。该市副市长安妮塔·库玛里·萨表示：“这些水桶和洗手液，可以帮助贫困与弱势群体进行手部清洁，阻止病毒传播。”在埃塞俄比亚、尼泊尔和缅甸，中国扶贫基金会拨出700万元人民币，疫情期间每月为贫困儿童免费发放“粮食包”，预计到今年7月，将惠及当地共1.5万人；在黎巴嫩和叙利亚边境，北京平澜公益基金会驻黎办公室为难民营里的人们分发“抗疫爱心包”，包括食品和消毒剂、肥皂等卫生用品……点滴善行，犹如一颗颗珍珠，串成光彩夺目的爱心链条。他们有一个响亮的名字——中国民间志愿者4月28日晚，中华慈善总会蓝天救援队援柬分队一行10人抵达柬埔寨首都金边，帮助当地进行消杀工作。10名队员年龄各异，有身经百战的60后，也有一腔热血的90后，有的队员刚刚结束武汉抗疫的轮换休整。他们穿着整齐划一的深蓝色队服，肩上的五星红旗格外醒目。危难面前，他们有一个响亮的名字——中国民间志愿者。40摄氏度高温下，队员们身穿密封的防护服，头戴全封闭防护面罩，背负16公斤重的设备，每天连续工作8—12个小时。最忙时，他们一天要奔赴7个场所。脱下防护服的那一刻，队员们汗如雨下，鞋子里都能倒出一碗水来。整整15天，他们奔赴金边市、西哈努克省等10个省市，行程1400多公里，完成了对医院、学校、市场、政府办公场所、军营、社区、酒店、车站等50多处公共场所总面积约159万平方米的消杀作业，还对柬埔寨医护人员、警察和社区工作者开展防疫技能培训，为柬埔寨各地复工复学复市保驾护航。每到一处，蓝天救援队都会在当地刮起“蓝色旋风”。当地民众献上柬埔寨特色纺织品“水布”表示感谢，一路走下来，救援队车里五颜六色的“水布”堆得像一座小山。柬方负责对接的一位工作人员被他们不畏艰难的工作精神所打动，每天自费采购新鲜水果送到蓝天救援队驻地。不少民众在当地中文网络媒体上留言：“遇到困难才知道，什么是远亲不如近邻”……柬埔寨政府内阁办公厅国务秘书、民间社会组织联盟论坛主席盖里维希称赞道：“蓝天救援队对柬埔寨的支持与帮助，充分体现了柬中两国守望相助、患难与共的兄弟情义！”柬方还计划成立一支柬埔寨版“蓝天救援队”，提升柬埔寨对突发灾害的应对能力。青山一道，同担风雨。携手前行，带来温暖与力量。“云”端交流，织就一张张疫情防控网3月4日，世界针灸学会联合会开展了一场国际“线上会诊”，中国中医专家和伊朗医生共同为伊朗新冠肺炎患者开展线上诊断。一位80岁伊朗老人高烧不止，伴有严重的咳嗽、胸闷、呼吸困难症状，服用抗病毒药物多天后仍不见好转。在伊朗医生的帮助下，中医专家们根据患者症状、CT结果和舌相，开出清热解毒的药方，并加入黄芪等补气药物，配合针灸、艾灸、拔罐等中国传统方法开展治疗。连续6天治疗后，伊朗传来好消息：老人的症状已得到显著缓解。中医药的抗疫效果传开，又有500多名伊朗患者陆续接受了中西医结合疗法。迄今，世界针灸学会联合会共举行了9场国际“线上会诊”，取得了良好效果。土耳其卫生部传统与补充医学司司长梅赫梅特·扎菲尔·卡莱齐说，土耳其部分医院已将针灸、草药等传统医疗方法应用于新冠肺炎救治。老挝也将中医药写入本国第二版新冠肺炎诊疗方案。中国和平发展基金会还向老挝捐赠了860人份的“清肺排毒汤”。丝绸之路沿线民间组织合作网络是中促会响应习近平主席在首届“一带一路”国际合作高峰论坛上提出的倡议，于2017年发起成立的，目前已有300多家中外民间组织会员。它组织的民间组织疫情防控线上交流分享会，已覆盖黎巴嫩、尼泊尔、柬埔寨、肯尼亚、缅甸等8个国家200多家组织机构。“新冠肺炎是否会通过母婴传播？”“婴幼儿感染新冠肺炎后康复，对其成长发育是否有影响？”“疫情期间新生儿疫苗应如何接种？”……在5月10日举行的民间组织疫情防控线上交流南非站分享会上，非洲民众向中国专家积极提问。“在母亲节这个特殊日子，中方组织妇女儿童防范疫情知识交流会，体现出对妇女儿童的关心和照顾，令人感动。我深表感谢！”全程参加南非站分享会的南非非国大妇联总书记梅戈·马图巴激动地说，通过这种务实、灵活的线上交流方式，她了解到中方的许多抗疫秘诀。南非非政府组织“3+1”执政联盟成员全国公民组织主席姆达肯表示，南中两国参与疫情防控的民间组织应当加强交流互动，积极对话，分享各自的经验和心得，为更好地应对大规模传染疾病作出更大贡献。援鄂医疗队的王素娟医生向缅甸同行详细介绍了病毒的传播途径、检测方式和防护措施等，还分享了一线抗疫的鲜活经验；北京地坛医院的王融冰医生向埃及同行介绍了中西医结合的特色治疗方式；针对非洲民众居家隔离期间的心理疏导需求，北京协和医院心理专家曹锦亚医生为埃塞俄比亚同行开展了心理疏导问题讲座……“云”端交流，正在织就一张张疫情防控网。大道无垠，大爱无疆。中国民间力量以实际行动，向世界展示着抗疫国际合作中的中国理念与精神，传递着人道主义的温暖和力量，谱写着构建人类命运共同体的时代篇章。（记者 黄 拯 暨佩娟 王 慧）,人民日报
